fitset,fluid,scen,peakTe,finalTe,gap,Rstar,Tc_rise
1,EOHP,0,47.935121797102795,47.935121797102795,2.204850212998487,13.715989112854004,1.6167467571406604
1,MOHP,0,46.46577103102273,46.46577103102273,3.7091910426040013,7.522774696350098,1.8809310239739325
1,WOHP,0,45.688130747216285,45.688130747216285,4.515070762380986,5.976047039031982,1.922378414116487
1,EOHP,1,47.85747252936314,47.85747252936314,2.1925478368375697,13.715989112854004,1.6072107903891535
1,MOHP,1,46.388829506429104,46.388829506429104,3.622639178693243,7.522774696350098,1.868741758051378
1,WOHP,1,45.61125453514975,45.61125453514975,4.3901654964501216,5.976047039031982,1.9095672262289227
1,EOHP,2,46.462643659014006,46.462643659014006,1.9595623385411727,13.715989112854004,1.5324152896840424
1,MOHP,2,45.04170739899082,45.04170739899082,3.1838364288272256,7.522774696350098,1.7738208015798484
1,WOHP,2,44.287529748942084,44.287529748942084,3.8421761734628284,5.976047039031982,1.8107839093426854
1,EOHP,3,66.6204388586337,66.6204388586337,3.6107019930791884,13.715989112854004,2.2721676924266276
1,MOHP,3,64.21557293987514,64.21557293987514,6.072170619757319,7.522774696350098,2.7045328504560615
1,WOHP,3,62.942820426231954,62.942820426231954,7.391030947994459,5.976047039031982,2.772364535640591
1,EOHP,4,66.49102352404329,66.49102352404329,3.590197987763605,13.715989112854004,2.2562744254246496
1,MOHP,4,64.08733683137683,64.08733683137683,5.927917411554397,7.522774696350098,2.6842173598319334
1,WOHP,4,62.814693477121224,62.814693477121224,7.182855471111889,5.976047039031982,2.7510125086021944
1,EOHP,5,64.1663084269579,64.1663084269579,3.2018888975343476,13.715989112854004,2.1316151649225645
1,MOHP,5,61.84213314818524,61.84213314818524,5.196579452504626,7.522774696350098,2.526015816993663
1,WOHP,5,60.60848522294941,60.60848522294941,6.269539951859131,5.976047039031982,2.586373691679956
1,EOHP,6,85.30575581182079,85.30575581182079,5.0165537451180064,13.715989112854004,2.9275886194857854
1,MOHP,6,81.96537454961778,81.96537454961778,8.435149983284932,7.522774696350098,3.5281346083696583
1,WOHP,6,80.19751018161563,80.19751018161563,10.266991061710131,5.976047039031982,3.6223506776926335
1,EOHP,7,85.12457364106889,85.12457364106889,4.987848277367282,13.715989112854004,2.9053380505259767
1,MOHP,7,81.78584418050019,81.78584418050019,8.233195583859334,7.522774696350098,3.499693003715816
1,WOHP,7,80.01813225230818,80.01813225230818,9.97554547409587,5.976047039031982,3.592457920274043
1,EOHP,8,81.8699738848953,81.8699738848953,4.444215386267591,13.715989112854004,2.730815057797951
1,MOHP,8,78.64255942000716,78.64255942000716,7.209322479884044,7.522774696350098,3.2782107712701
1,WOHP,8,76.92944116874897,76.92944116874897,8.696903711930517,5.976047039031982,3.3619634755499384
2,EOHP,0,47.87381800341743,47.87381800341743,2.2656460106035157,13.452279090881348,1.2750454631749761
2,MOHP,0,46.358103506189465,46.358103506189465,3.810348606840944,7.344038009643555,1.6138755001011376
2,WOHP,0,45.67107817092136,45.67107817092136,4.53859683501426,6.028166770935059,1.5774370781727676
2,EOHP,1,47.79621658311225,47.79621658311225,2.253608529134693,13.452279090881348,1.266862828284541
2,MOHP,1,46.28152095801974,46.28152095801974,3.721175515221901,7.344038009643555,1.6032698610506664
2,WOHP,1,45.59397592019137,45.59397592019137,4.423104663809957,6.028166770935059,1.566770275113683
2,EOHP,2,46.401562397290675,46.401562397290675,2.0180247059799963,13.452279090881348,1.1859029216186876
2,MOHP,2,44.93658669420984,44.93658669420984,3.2761224956248713,7.344038009643555,1.4991815578541896
2,WOHP,2,44.264495315495985,44.264495315495985,3.886241979720029,6.028166770935059,1.463842891282706
2,EOHP,3,66.54346726601932,66.54346726601932,3.688719859237638,13.452279090881348,2.050591374728029
2,MOHP,3,64.07937627735856,64.07937627735856,6.2008663459329,7.344038009643555,2.601420652858611
2,WOHP,3,62.96248169499465,62.96248169499465,7.386404096206574,6.028166770935059,2.542181837285167
2,EOHP,4,66.41413153319921,66.41413153319921,3.6686573596848584,13.452279090881348,2.0369536869499463
2,MOHP,4,63.95173877524208,63.95173877524208,6.052244461279488,7.344038009643555,2.5837446285780175
2,WOHP,4,62.83397804879753,62.83397804879753,7.193917062906768,6.028166770935059,2.524403834288673
2,EOHP,5,64.0897074758542,64.0897074758542,3.2760176427481333,13.452279090881348,1.9020205244208235
2,MOHP,5,61.71018127499432,61.71018127499432,5.3104894893730625,7.344038009643555,2.4102640621325016
2,WOHP,5,60.618176627671446,60.618176627671446,6.299145933820304,6.028166770935059,2.352858147836134
2,EOHP,6,85.2131164108095,85.2131164108095,5.1117937916219915,13.452279090881348,2.826137313852133
2,MOHP,6,81.80064911278879,81.80064911278879,8.591384044072473,7.344038009643555,3.588965844576439
2,WOHP,6,80.25388507901987,80.25388507901987,10.234211303029394,6.028166770935059,3.5069265854059957
2,EOHP,7,85.03204615142506,85.03204615142506,5.083706305303412,13.452279090881348,2.807044535448462
2,MOHP,7,81.62195600864182,81.62195600864182,8.38331361213419,7.344038009643555,3.5642193721142412
2,WOHP,7,80.07397989237951,80.07397989237951,9.964729582216114,6.028166770935059,3.482037430891026
2,EOHP,8,81.77785340463754,81.77785340463754,4.534010615023282,13.452279090881348,2.6181380775233514
2,MOHP,8,78.48377657840821,78.48377657840821,7.344856437303674,7.344038009643555,3.3213465568259863
2,WOHP,8,76.97185863969689,76.97185863969689,8.712049945930934,6.028166770935059,3.241873449936996
3,EOHP,0,47.46200247318476,47.46200247318476,2.6026565078340034,11.07509708404541,1.3558301507340325
3,MOHP,0,46.26771784767818,46.26771784767818,3.819661356149678,7.198254585266113,1.4034694705041773
3,WOHP,0,45.481494359361626,45.481494359361626,4.591216179750645,5.721855640411377,1.6285946711237287
3,EOHP,1,47.38807664330413,47.38807664330413,2.5274314757802254,11.07509708404541,1.3500391917089516
3,MOHP,1,46.19453636867303,46.19453636867303,3.692049891215613,7.198254585266113,1.3973146668868495
3,WOHP,1,45.4100245457764,45.4100245457764,4.411057204822872,5.721855640411377,1.6215262314460333
3,EOHP,2,46.032666553355064,46.032666553355064,2.215415344242831,11.07509708404541,1.2694432153657438
3,MOHP,2,44.87582604812157,44.87582604812157,3.221180176776859,7.198254585266113,1.3130091896746343
3,WOHP,2,44.125587812081484,44.125587812081484,3.8262850490706692,5.721855640411377,1.5245913737647676
3,EOHP,3,65.88045951328242,65.88045951328242,4.2273079193539145,11.07509708404541,2.2601421353950713
3,MOHP,3,63.9419649707465,63.9419649707465,6.2036740068048335,7.198254585266113,2.3374673435463933
3,WOHP,3,62.665812192174315,62.665812192174315,7.455361019410072,5.721855640411377,2.702877379905356
3,EOHP,4,65.75724994515372,65.75724994515372,4.101932819272284,11.07509708404541,2.250490588621048
3,MOHP,4,63.819995852730464,63.819995852730464,5.990988102849225,7.198254585266113,2.3272093473545326
3,WOHP,4,62.54669584853894,62.54669584853894,7.155096009895071,5.721855640411377,2.6910966853513827
3,EOHP,5,63.49823237326924,63.49823237326924,3.5819059701407103,11.07509708404541,2.116163876722524
3,MOHP,5,61.62214452905275,61.62214452905275,5.206205333759015,7.198254585266113,2.1867002623330514
3,WOHP,5,60.40596748500441,60.40596748500441,6.1804757442408755,5.721855640411377,2.5295385538677557
3,EOHP,6,84.2989161932686,84.2989161932686,5.851959321825346,11.07509708404541,3.164454063555862
3,MOHP,6,81.61621192609915,81.61621192609915,8.587686588819498,7.198254585266113,3.271465232556981
3,WOHP,6,79.85013006736213,79.85013006736213,10.319505760855288,5.721855640411377,3.777160072990249
3,EOHP,7,84.1264220380689,84.1264220380689,5.676434240894241,11.07509708404541,3.1509418941957357
3,MOHP,7,81.44545510814838,81.44545510814838,8.289926471975052,7.198254585266113,3.2571039493098866
3,WOHP,7,79.68336665195696,79.68336665195696,9.899134917211713,5.721855640411377,3.760667152062524
3,EOHP,8,80.96379896493933,80.96379896493933,4.9483966359949605,11.07509708404541,2.962884606386151
3,MOHP,8,78.3684640867481,78.3684640867481,7.19123043635168,7.198254585266113,3.060391278326307
3,WOHP,8,76.68634790958193,76.68634790958193,8.534666441262713,5.721855640411377,3.5344858419654415
None,EOHP,0,47.78145674336708,47.78145674336708,2.3404335988711544,12.786579132080078,1.4169258897696793
None,MOHP,0,46.38977867489049,46.38977867489049,3.7627192485979206,7.406489372253418,1.65274661170157
None,WOHP,0,45.62178902778138,45.62178902778138,4.549720761045372,5.917695999145508,1.7146516360032145
None,EOHP,1,47.7046891651505,47.7046891651505,2.312333191454417,12.786579132080078,1.4080250892245054
None,MOHP,1,46.313754337956084,46.313754337956084,3.666684160431024,7.406489372253418,1.6419014064789756
None,WOHP,1,45.54613952346452,45.54613952346452,4.414313965525909,5.917695999145508,1.703171133102483
None,EOHP,2,46.31985121841231,46.31985121841231,2.0570857688115667,12.786579132080078,1.3262185537992863
None,MOHP,2,44.97327636651838,44.97327636651838,3.219952966998487,7.406489372253418,1.5431697828462774
None,WOHP,2,44.23033848284601,44.23033848284601,3.8604599108108872,5.917695999145508,1.5995093178353592
None,EOHP,3,66.38595541908096,66.38595541908096,3.8164409877619345,12.786579132080078,2.1797647498315023
None,MOHP,3,64.11889242792196,64.11889242792196,6.133948451188739,7.406489372253418,2.5639131473144694
None,WOHP,3,62.86782585759636,62.86782585759636,7.416383853803421,5.917695999145508,2.664754781775013
None,EOHP,4,66.25800964686418,66.25800964686418,3.76960690116148,12.786579132080078,2.1649300653176873
None,MOHP,4,63.992184755159634,63.992184755159634,5.9738898495035855,7.406489372253418,2.5458378087108393
None,WOHP,4,62.74174363173852,62.74174363173852,7.190705759653952,5.917695999145508,2.6456206176468378
None,EOHP,5,63.94994607928669,63.94994607928669,3.344194537963546,12.786579132080078,2.028585846613474
None,MOHP,5,61.758054419498265,61.758054419498265,5.22933789386182,7.406489372253418,2.381285202262589
None,WOHP,5,60.548741306100744,60.548741306100744,6.267615734058301,5.917695999145508,2.4728509478931606
None,EOHP,6,84.99045398520916,84.99045398520916,5.292448326968085,12.786579132080078,2.942603562065994
None,MOHP,6,81.84800571079033,81.84800571079033,8.505177567873336,7.406489372253418,3.475079653086098
None,WOHP,6,80.11386298962557,80.11386298962557,10.283046813728063,5.917695999145508,3.6148579889559542
None,EOHP,7,84.81132963742137,84.81132963742137,5.226880665645956,12.786579132080078,2.921834963839437
None,MOHP,7,81.67061523200636,81.67061523200636,8.281095573640075,7.406489372253418,3.44977419119094
None,WOHP,7,79.93734733403365,79.93734733403365,9.967097691220882,5.917695999145508,3.5880700650158843
None,EOHP,8,81.58004173520024,81.58004173520024,4.631303330933134,12.786579132080078,2.7309530572965386
None,MOHP,8,78.54283355056164,78.54283355056164,7.238722846545315,7.406489372253418,3.219400564577235
None,WOHP,8,76.86714513320477,76.86714513320477,8.674771564765694,5.917695999145508,3.3461925499141785
