fold,method,seed,fluid,rmse_Te,rmse_Tc,end_err_Te,max_abs_Te
1,ODE-shoot,ODE-shoot,EOHP,0.8120668530403136,0.160640119159637,1.1063121941082414,1.1547140021376876
1,ODE-shoot,ODE-shoot,MOHP,0.24537087814149738,0.27910082603828834,0.2602831336177047,0.42506137827044554
1,ODE-shoot,ODE-shoot,WOHP,0.23858357631851962,0.16629512979567565,-0.2931934099393061,0.39433881533658877
1,MLP,MLP,EOHP,4.160379368645566,0.3720739583027369,4.972638833422103,7.4955095005221395
1,MLP,MLP,MOHP,4.510467129154048,0.28143925428679334,4.411339286017039,6.621928591625689
1,MLP,MLP,WOHP,6.472786690620009,0.48048654330329604,7.712365227409812,9.308477568127728
1,GP,GP,EOHP,1.311651794690509,0.20038354106158232,2.1018903748462066,2.137265868394806
1,GP,GP,MOHP,0.32760117453984156,0.19451095304703478,0.7343649647266588,0.8133805051342478
1,GP,GP,WOHP,0.5860626317117178,0.19986022964859504,-0.10561952367597627,0.920199704854987
1,PINN-const,PINN-const|seed0,EOHP,0.8777308729193462,0.21344351705422265,1.2649921562664446,1.3170408148818282
1,PINN-const,PINN-const|seed0,MOHP,0.4116270938065422,0.3497946160879108,0.621344229809111,0.621344229809111
1,PINN-const,PINN-const|seed0,WOHP,0.23268802319109563,0.2320640158941868,0.03279154489467828,0.7445367332647521
1,PINN-const,PINN-const|seed1,EOHP,0.8766468298857224,0.20424466758961177,1.263573088883632,1.315659894471672
1,PINN-const,PINN-const|seed1,MOHP,0.42692603984932703,0.33925090237762345,0.6427828284419235,0.6427828284419235
1,PINN-const,PINN-const|seed1,WOHP,0.2409735362977711,0.22251464897136175,0.03193323800991266,0.7585538383672912
1,PINN-state,PINN-state|seed0,EOHP,0.37064077740727347,0.34140809317172166,0.5351871635906633,0.5865529913955001
1,PINN-state,PINN-state|seed0,MOHP,0.4103334921959334,0.37983829136978875,0.1652018042720016,0.7817297966168297
1,PINN-state,PINN-state|seed0,WOHP,0.9126394149700793,0.3377275155867301,-1.0115962724881342,1.130561647385349
1,PINN-state,PINN-state|seed1,EOHP,0.3757940312086305,0.33021555395820223,0.5091098930828508,0.6574355845323367
1,PINN-state,PINN-state|seed1,MOHP,0.5270156002877381,0.35847363829187573,0.24223961555129847,0.9927458445859685
1,PINN-state,PINN-state|seed1,WOHP,1.0854799196223566,0.35333479826347575,-1.1543880205350092,1.2847860431373022
2,ODE-shoot,ODE-shoot,EOHP,0.278870081752411,0.33185986984285726,0.2448372417846798,0.5979094704695456
2,ODE-shoot,ODE-shoot,MOHP,0.28793173103787595,0.2821475914289617,-0.3321725250367109,0.578954900166103
2,ODE-shoot,ODE-shoot,WOHP,0.23018679087611615,0.35431740965395453,-0.21792946272515934,0.503848035368275
2,MLP,MLP,EOHP,3.40252002525035,0.5457191238811383,-5.926752722964103,5.974258252059919
2,MLP,MLP,MOHP,3.198618594915954,0.7766291892456713,-5.4196613978917725,6.676181136408516
2,MLP,MLP,WOHP,4.91871746030699,0.7669524557953202,-6.229102558525682,11.403152596793596
2,GP,GP,EOHP,0.7103406928154367,0.3530941090013249,-0.05027646971537081,1.4125045430104421
2,GP,GP,MOHP,1.0014458553229428,0.31346291820105576,-0.20653541942081688,2.331808653334001
2,GP,GP,WOHP,1.1380128480110452,0.4844772754308494,-0.09995285090776918,2.1872412507884604
2,PINN-const,PINN-const|seed0,EOHP,0.6317911526055142,0.33617746750228605,0.5823311382690548,1.3516516688139717
2,PINN-const,PINN-const|seed0,MOHP,0.4061581896351234,0.27795521054294225,0.16249071348867972,0.9556038605657662
2,PINN-const,PINN-const|seed0,WOHP,0.4621168864028693,0.34167472984042946,0.18663825578070004,1.3365648201814082
2,PINN-const,PINN-const|seed1,EOHP,0.7114950832812472,0.33719157833161234,0.562624412194836,1.5864108543602242
2,PINN-const,PINN-const|seed1,MOHP,0.4806042636512151,0.28081569811569496,0.23558031309805472,1.1349556672063912
2,PINN-const,PINN-const|seed1,WOHP,0.5430090158165932,0.34133210551860504,0.2773937184271844,1.4987409523835566
2,PINN-state,PINN-state|seed0,EOHP,0.9849238238701291,0.46932823514318633,0.886873679772961,2.048507657485068
2,PINN-state,PINN-state|seed0,MOHP,0.5446920749520193,0.36104798836540003,-0.08921827088632028,1.4224083649602974
2,PINN-state,PINN-state|seed0,WOHP,0.9050843430293608,0.4372345987535131,0.6713451344428094,1.9318682003584655
2,PINN-state,PINN-state|seed1,EOHP,1.1305266855109346,0.44763003442565047,0.8180412823120236,2.5681689720360055
2,PINN-state,PINN-state|seed1,MOHP,0.68027490680018,0.36001926380930005,0.12963091124258597,1.8570332979280622
2,PINN-state,PINN-state|seed1,WOHP,1.1259670908922959,0.4403027931479975,0.8903736073432,2.492584829386786
3,ODE-shoot,ODE-shoot,EOHP,0.7990776653730886,0.6305181171987122,-0.8587606865323636,1.5780138190662854
3,ODE-shoot,ODE-shoot,MOHP,0.8274991889954518,0.5198793814452031,0.1627523286186232,3.1478441139483664
3,ODE-shoot,ODE-shoot,WOHP,0.5247227883952753,0.796668780058271,-0.23023592925999026,1.3909799777761407
3,MLP,MLP,EOHP,17.649300778339143,0.7363189042655022,-22.34946179228946,24.719563227840098
3,MLP,MLP,MOHP,14.762622500316088,1.0560525961497353,-19.038567032167748,21.324786195985496
3,MLP,MLP,WOHP,12.3977782958642,1.0485807727179812,-15.712769962830663,17.432835002678353
3,GP,GP,EOHP,8.593637613594652,0.9797812571413657,-9.172081884533824,11.659674807125533
3,GP,GP,MOHP,6.742201022745014,0.792562510000985,-6.656664820471093,9.340281052021652
3,GP,GP,WOHP,6.3130483017041,1.1499275357273113,-6.030924526029054,8.820626229560496
3,PINN-const,PINN-const|seed0,EOHP,0.9902185848209509,0.5092711299394047,-0.8779791313565823,1.8922509033600363
3,PINN-const,PINN-const|seed0,MOHP,0.9294377971459955,0.48069882335258446,0.4231588227592482,3.2678697487139914
3,PINN-const,PINN-const|seed0,WOHP,0.388713164376862,0.6319514526360107,-0.08068453765842776,0.9282228671804376
3,PINN-const,PINN-const|seed1,EOHP,0.9970202498009957,0.4797644326395837,-0.8771475273526761,1.9040001709381613
3,PINN-const,PINN-const|seed1,MOHP,0.9351571212953228,0.4843904524661728,0.4420797211967482,3.27970293963196
3,PINN-const,PINN-const|seed1,WOHP,0.3907184562369236,0.59328321702483,-0.06009280181858401,0.9327432834402032
3,PINN-state,PINN-state|seed0,EOHP,1.1646892064657757,0.5393426569367068,-0.9618032890714261,2.067073267308473
3,PINN-state,PINN-state|seed0,MOHP,2.1852329372375636,1.0180916986725095,3.039484201177217,4.595628537776491
3,PINN-state,PINN-state|seed0,WOHP,1.7288193444447915,0.7517915160153708,2.8802834799196972,2.9141117697539443
3,PINN-state,PINN-state|seed1,EOHP,2.0303020527983064,0.8709303350172384,-2.83938965381752,3.00577747181228
3,PINN-state,PINN-state|seed1,MOHP,1.4293930946580085,0.8059498077741017,1.4186422211967482,4.02744463885071
3,PINN-state,PINN-state|seed1,WOHP,0.8251460795314307,0.6394928930937612,1.1422845175173535,1.6773607455984063
