fold,model,fluid,Rstar
1,ODE-shoot,EOHP,12.829509909121104
1,ODE-shoot,MOHP,6.877664264594789
1,ODE-shoot,WOHP,5.578240525133077
1,PINN-const,EOHP,13.715989112854004
1,PINN-const,MOHP,7.522775173187256
1,PINN-const,WOHP,5.976047039031982
1,PINN-const,EOHP,13.713494300842285
1,PINN-const,MOHP,7.566969871520996
1,PINN-const,WOHP,5.977758407592773
2,ODE-shoot,EOHP,12.133835387009293
2,ODE-shoot,MOHP,6.687424686938975
2,ODE-shoot,WOHP,5.634416047012548
2,PINN-const,EOHP,13.452278137207031
2,PINN-const,MOHP,7.3440375328063965
2,PINN-const,WOHP,6.028166770935059
2,PINN-const,EOHP,13.380278587341309
2,PINN-const,MOHP,7.450632095336914
2,PINN-const,WOHP,6.12155818939209
3,ODE-shoot,EOHP,11.090178087876502
3,ODE-shoot,MOHP,6.946139594731991
3,ODE-shoot,WOHP,5.618593587059235
3,PINN-const,EOHP,11.07509708404541
3,PINN-const,MOHP,7.198254585266113
3,PINN-const,WOHP,5.721855163574219
3,PINN-const,EOHP,11.081537246704102
3,PINN-const,MOHP,7.219269275665283
3,PINN-const,WOHP,5.737148284912109
None,ODE-shoot,EOHP,12.126820405906722
None,ODE-shoot,MOHP,6.826393753839432
None,ODE-shoot,WOHP,5.602518168237113
None,PINN-const,EOHP,12.786579132080078
None,PINN-const,MOHP,7.40648889541626
None,PINN-const,WOHP,5.91769552230835
None,PINN-const,EOHP,12.63277816772461
None,PINN-const,MOHP,7.426225662231445
None,PINN-const,WOHP,5.95411491394043
