kind,fold,fluid,band_w,resid,cover95,cover997,metric,p2_5,p97_5
rollout,1.0,EOHP,0.029718698753555903,0.6775820215100448,0.0011325028312570782,0.0011325028312570782,,,
rollout,1.0,MOHP,0.014157516304641094,0.30350707333436294,0.020951302378255945,0.0362400906002265,,,
rollout,1.0,WOHP,0.012644909781586694,0.38372025285445804,0.007927519818799546,0.009626274065685165,,,
rollout,2.0,EOHP,0.04862907575309162,0.25475415843684013,0.23923979877026272,0.33482392397987704,,,
rollout,2.0,MOHP,0.035910676382578895,0.40001635703175653,0.021240916713247623,0.044158747903856904,,,
rollout,2.0,WOHP,0.037974220545841986,0.40203521658043423,0.026830631637786474,0.03801006148686417,,,
rollout,3.0,EOHP,0.022427898984278213,0.8443858134824088,0.019002375296912115,0.027909738717339667,,,
rollout,3.0,MOHP,0.03369616198964152,0.8013034768245164,0.029691211401425176,0.04809976247030879,,,
rollout,3.0,WOHP,0.02740487757161534,0.8910346168159974,0.007719714964370546,0.013064133016627079,,,
scen_A_ramp75_tau300,,EOHP,,,,,lag,3.9649939399889047,4.031101839359792
scen_A_ramp75_tau300,,EOHP,,,,,ripple,0.19944324493408203,0.20388965606689452
scen_A_ramp75_tau300,,EOHP,,,,,dev_mae,3.9650696375845276,4.031177536955415
scen_A_ramp75_tau300,,MOHP,,,,,lag,6.740266939825998,6.775907375201018
scen_A_ramp75_tau300,,MOHP,,,,,ripple,0.24995346069335939,0.2572427749633789
scen_A_ramp75_tau300,,MOHP,,,,,dev_mae,6.74034263742162,6.775983072796641
scen_A_ramp75_tau300,,WOHP,,,,,lag,8.046159925147162,8.092878156445765
scen_A_ramp75_tau300,,WOHP,,,,,ripple,0.2753602981567383,0.2840278625488281
scen_A_ramp75_tau300,,WOHP,,,,,dev_mae,8.046235622742783,8.092953854041387
scen_B_cyc75,,EOHP,,,,,lag,2.3018258659133175,2.340230938552717
scen_B_cyc75,,EOHP,,,,,ripple,43.42849955558777,43.555348587036136
scen_B_cyc75,,EOHP,,,,,dev_mae,25.80849076489282,25.84689583753222
scen_B_cyc75,,MOHP,,,,,lag,3.90690950873096,3.928531938416863
scen_B_cyc75,,MOHP,,,,,ripple,40.60319757461548,40.80159339904785
scen_B_cyc75,,MOHP,,,,,dev_mae,27.413574407710463,27.435196837396365
scen_B_cyc75,,WOHP,,,,,lag,4.661671436205071,4.690037040515132
scen_B_cyc75,,WOHP,,,,,ripple,39.27312021255493,39.49722719192505
scen_B_cyc75,,WOHP,,,,,dev_mae,28.168336335184573,28.196701939494634
scen_C_slug75,,EOHP,,,,,lag,3.98994972083621,4.056300472284984
scen_C_slug75,,EOHP,,,,,ripple,3.416740608215332,3.7043548583984376
scen_C_slug75,,EOHP,,,,,dev_mae,3.752151411058031,3.8185021625068054
scen_C_slug75,,MOHP,,,,,lag,6.78439452755757,6.819869472674331
scen_C_slug75,,MOHP,,,,,ripple,2.6161006927490233,2.8609220504760744
scen_C_slug75,,MOHP,,,,,dev_mae,6.546596217779391,6.582071162896153
scen_C_slug75,,WOHP,,,,,lag,8.09958625690426,8.14609737396064
scen_C_slug75,,WOHP,,,,,ripple,2.354986572265625,2.578497886657715
scen_C_slug75,,WOHP,,,,,dev_mae,7.861787947126081,7.90829906418246
