param,value,jk_mean,jk_sd,loo_sd
loga_EOHP,-4.402536003387844,-4.409584599700494,0.1359274838296902,0.05097280643613382
loga_MOHP,-4.796907217287997,-4.755886370034801,0.1668093001014716,0.06255348753805186
loga_WOHP,-4.940958730453343,-4.987116845313892,0.16386523367387704,0.061449462627703885
logK_EOHP,-7.015243620333671,-7.059030223868049,0.13490992662220894,0.050591222483328355
logK_MOHP,-6.787017359430168,-6.742090753837843,0.18982391517692526,0.07118396819134698
logK_WOHP,-6.7224179122764856,-6.767621644080336,0.17671326787124375,0.0662674754517164
logr,-3.110739365983568,-3.202294093827966,0.36736390932144797,0.137761465995543
logd,-7.034383615881557,-7.137107972645083,0.3201899656917161,0.12007123713439354
Tcool,18.10454966754586,18.147452447064325,0.3451103778703375,0.12941639170137656
Rstar_EOHP,2.612707616945827,2.649445624167548,0.10997683134113118,0.04124131175292419
Rstar_MOHP,1.9901101421421705,1.9862043838030417,0.027364819482366284,0.010261807305887357
Rstar_WOHP,1.7814591818231422,1.7805047987664455,0.01591735332596785,0.005969007497237944
