loga_EOHP,loga_MOHP,loga_WOHP,logK_EOHP,logK_MOHP,logK_WOHP,logr,logd,Tcool,Rstar_EOHP,Rstar_MOHP,Rstar_WOHP
-4.402536003387844,-4.796907217287997,-4.940958730453343,-7.015243620333671,-6.787017359430168,-6.7224179122764856,-3.110739365983568,-7.034383615881557,18.10454966754586,2.612707616945827,1.9901101421421705,1.7814591818231422
-4.3695485970709145,-4.8221182088841905,-4.966298914521545,-7.042160040038343,-6.815109466961423,-6.750216426147707,-3.099994100690654,-7.049908972406462,18.115201234718327,2.672611442967429,1.9929912580772324,1.7839175116261625
-4.415227738716913,-4.77189887515532,-4.945518471323925,-7.029827731349053,-6.767610930522324,-6.727446732056398,-3.1953877501572863,-7.090769213317813,18.20720918733707,2.61459999263214,1.9957120553670045,1.7819282607324736
-4.386961145394518,-4.780060576745327,-4.924080773605233,-6.997451888034762,-6.768472571908205,-6.697210657950699,-3.1509810631741013,-7.053661376958798,18.117027374467288,2.610490742640244,1.9884119951628785,1.7731298843454661
-4.450405637045761,-4.8042241036346365,-4.949842913855082,-7.07485615531256,-6.795124400635054,-6.731942496341011,-3.0362910424092693,-6.988119821047451,18.040839012774796,2.6244505182667988,1.990900297000418,1.7820995824859294
-4.395197883505488,-4.776652945725953,-4.932582730787727,-7.007191372626681,-6.750210046640512,-6.713557705322869,-3.160760857260769,-7.081199003451891,18.110567019134454,2.6119934891211933,1.973557100914559,1.780974974535142
-4.373419666960919,-4.770712287148818,-4.949864091293205,-6.982031787860783,-6.758142616614624,-6.739338298519201,-3.089969979648324,-7.006551419482686,18.042455215056734,2.6086121208998643,1.9874303294658056,1.7894742072259966
-4.476834691771857,-4.859397741647097,-5.007229016934025,-6.9906248675654306,-6.856754317384822,-6.79508315507136,-2.9032564724931267,-6.948047270652086,17.95224222928346,2.5137901757935737,1.997356575737725,1.7878541381373356
-4.4404279059013865,-4.9265397094874,-4.957391714150632,-7.059159249538005,-6.935697153654399,-6.740764211367106,-3.342922146444318,-7.207053615333968,18.36271713778995,2.618731343636618,2.0091574441669984,1.7833724972164733
-4.306871093271102,-4.706708960323077,-4.783892068390599,-6.904629561701249,-6.686577161841512,-6.555347329432686,-2.914091812749316,-6.768576948923895,17.944422970392395,2.597758468430147,1.9798682015184355,1.771455261042087
