part,fluid,run,fold,beta,rmse,a,k0,rmse_hold
A,EOHP,1,,0.0,0.14679102053909576,0.01658009972532335,0.0016248359671777717,
A,EOHP,1,,0.0025,0.13427070275929526,0.015055105581412652,0.0014634083665404638,
A,EOHP,1,,0.005,0.12165223465713129,0.013832789198602292,0.0013336047706876556,
A,EOHP,1,,0.0075,0.10930510901044528,0.012809265603166661,0.001224836414385496,
A,EOHP,1,,0.01,0.09782293282395498,0.011990693057481681,0.0011377304980445839,
A,EOHP,1,,0.0125,0.08672348462985359,0.011327284353437246,0.0010662671364166615,
A,EOHP,1,,0.015,0.07610324462143732,0.010766143125728963,0.001005770750147005,
A,EOHP,1,,0.02,0.05732021103953945,0.009889792003096502,0.0009103361541727001,
A,EOHP,1,,0.03,0.04207224539775828,0.008598492400249675,0.0007677588315655329,
A,EOHP,1,,0.04,0.06721018233856994,0.007726296154723825,0.0006702615447091287,
A,EOHP,1,,-0.0025,0.15688443212285033,0.017591245527593516,0.0017336810172277437,
A,EOHP,1,,-0.005,0.16869081884227874,0.020096681541069777,0.0019989840014472556,
A,EOHP,1,,-0.01,0.19306893910578168,0.02685345973445475,0.0027127221886731412,
A,EOHP,1,,-0.015,0.21760018613303272,0.041571806381945776,0.004265166628019937,
A,EOHP,1,,-0.02,0.2372163920421889,0.8143176773463778,0.08565037192060812,
A,MOHP,1,,0.0,0.042051959709070844,0.0070091019967795975,0.0009813449602600983,
A,MOHP,1,,0.0025,0.04266284357127784,0.006590652174528095,0.0009176459545575762,
A,MOHP,1,,0.005,0.047874124605311645,0.006230646110934415,0.0008627117063951168,
A,MOHP,1,,0.0075,0.05633260545558003,0.005911409004400662,0.0008138881200190743,
A,MOHP,1,,0.01,0.06665944386277373,0.005638194699850972,0.0007719109506552888,
A,MOHP,1,,0.0125,0.07783564900542503,0.005403519186588472,0.0007359433356312901,
A,MOHP,1,,0.015,0.08962610302815908,0.00521214681869886,0.0007064246329901589,
A,MOHP,1,,0.02,0.11407644329024563,0.004902541607757545,0.0006584027473095214,
A,MOHP,1,,0.03,0.163420415871726,0.004391462989000448,0.0005785660195756461,
A,MOHP,1,,0.04,0.2128634975330131,0.004067324853376856,0.00052702930554651,
A,MOHP,1,,-0.0025,0.05256900747285385,0.007134016627873343,0.001000175560516224,
A,MOHP,1,,-0.005,0.0602057817127046,0.007614310039712433,0.0010724163547664609,
A,MOHP,1,,-0.01,0.08307236633387483,0.008813409469527826,0.001254090121593615,
A,MOHP,1,,-0.015,0.11258637544451744,0.010486547285783953,0.0015063965367897061,
A,MOHP,1,,-0.02,0.14772754075422354,0.012959847493760637,0.0018799475983860934,
A,WOHP,1,,0.0,0.11875067218940011,0.005465331460961616,0.0008676635063092876,
A,WOHP,1,,0.0025,0.1303424497025877,0.005162558893287779,0.0008157933805377693,
A,WOHP,1,,0.005,0.14229436815600338,0.004902659349053323,0.0007711984395425516,
A,WOHP,1,,0.0075,0.1542470974203056,0.004674331400473044,0.0007319306551831561,
A,WOHP,1,,0.01,0.16623260173011553,0.004491757557010202,0.0007006509421513097,
A,WOHP,1,,0.0125,0.1783873362431729,0.004345601785220187,0.0006755010332178815,
A,WOHP,1,,0.015,0.1906127963428005,0.004202585982933951,0.0006511135223422085,
A,WOHP,1,,0.02,0.21529876028627995,0.003966566296580431,0.0006102792526478929,
A,WOHP,1,,0.03,0.2650325433488815,0.003606627814533922,0.000547974573321204,
A,WOHP,1,,0.04,0.3129898277091276,0.00333294728945507,0.0004995373843205348,
A,WOHP,1,,-0.0025,0.11605495102989782,0.005541177918084772,0.0008789908895480154,
A,WOHP,1,,-0.005,0.11040452023932966,0.005830419648654791,0.000928488929721561,
A,WOHP,1,,-0.01,0.07838728530968021,0.0074607284759978555,0.001208611502323011,
A,WOHP,1,,-0.015,0.06655661189201686,0.009435720386097407,0.0015451994525366275,
A,WOHP,1,,-0.02,0.06560585113551325,0.013365861259575602,0.002214276696020074,
A,EOHP,2,,0.0,0.21634389242010083,0.016939359972114744,0.0012925618425740663,
A,EOHP,2,,0.0025,0.2003284300388894,0.015347319823012174,0.0011287364169429953,
A,EOHP,2,,0.005,0.18458815018069813,0.014145093418727226,0.0010030202911130728,
A,EOHP,2,,0.0075,0.16914489330363772,0.01313780858735911,0.0008980471895328596,
A,EOHP,2,,0.01,0.15411432743872827,0.012322153843011125,0.0008120511369238228,
A,EOHP,2,,0.0125,0.13957742707371296,0.011615911229936354,0.0007379482101131431,
A,EOHP,2,,0.015,0.12568722517537342,0.011050605061860301,0.0006769576582434058,
A,EOHP,2,,0.02,0.10062451008424766,0.010137468183153241,0.0005775256153921081,
A,EOHP,2,,0.03,0.0709717313829028,0.008848806751746612,0.000435662323043153,
A,EOHP,2,,0.04,0.08539031353510275,0.008085723868080987,0.000344731870237905,
A,EOHP,2,,-0.0025,0.237046769846422,0.01516595095633853,0.0011817548779276814,
A,EOHP,2,,-0.005,0.24877792802204685,0.021795647465392035,0.001790278769272032,
A,EOHP,2,,-0.01,0.2813600502040604,0.03256690554953955,0.0028818747387469564,
A,EOHP,2,,-0.015,0.31325397438229396,0.07619935912898133,0.007271750375904095,
A,EOHP,2,,-0.02,0.34664452529814815,0.8088052862601017,0.08246859173373537,
A,MOHP,2,,0.0,0.08117504041822379,0.007161905947028103,0.0009357114419947043,
A,MOHP,2,,0.0025,0.0726205397276846,0.006645963630192713,0.000840803493291535,
A,MOHP,2,,0.005,0.0696402429758236,0.006236939395554401,0.000764365995441236,
A,MOHP,2,,0.0075,0.0729250596060999,0.005876818049669684,0.0006974451033262116,
A,MOHP,2,,0.01,0.08137574397531962,0.005594686555937511,0.0006434571024869138,
A,MOHP,2,,0.0125,0.09387177818712861,0.005358590803798041,0.0005974235238815807,
A,MOHP,2,,0.015,0.10882004961650892,0.005154758873437955,0.0005571207767770976,
A,MOHP,2,,0.02,0.1421157781651921,0.004810091849945963,0.0004886669499457568,
A,MOHP,2,,0.03,0.21438976555896586,0.004331793047839335,0.00038927202003520426,
A,MOHP,2,,0.04,0.2857108757064925,0.003995718597414087,0.00031765999926875864,
A,MOHP,2,,-0.0025,0.09760949732005408,0.007394463073474486,0.0009927561345044978,
A,MOHP,2,,-0.005,0.113509125709102,0.008005470938705865,0.0011089115396753489,
A,MOHP,2,,-0.01,0.15178040949046157,0.00965378122852395,0.001424067937456168,
A,MOHP,2,,-0.015,0.19412072960116913,0.012479287581928513,0.0019613454546867966,
A,MOHP,2,,-0.02,0.25122723140202313,0.017133304464726964,0.0028651725583966085,
A,WOHP,2,,0.0,0.2095474629565707,0.005830006793431762,0.0009805998478237797,
A,WOHP,2,,0.0025,0.22952728206231449,0.00538260504159714,0.0008791498315815123,
A,WOHP,2,,0.005,0.24983437385939583,0.005008646398723878,0.000794363739072875,
A,WOHP,2,,0.0075,0.27014692404506624,0.004725900094067577,0.0007284084961779207,
A,WOHP,2,,0.01,0.2911226791071265,0.00445488095284685,0.0006667076654610155,
A,WOHP,2,,0.0125,0.31167246734742354,0.004240656249283393,0.0006165918960084455,
A,WOHP,2,,0.015,0.33206499161348424,0.004065683107755463,0.0005747621525036819,
A,WOHP,2,,0.02,0.37284773955460904,0.003753030692243458,0.0005008950902407039,
A,WOHP,2,,0.03,0.4518252105515452,0.0033976323416579418,0.0004068035425370927,
A,WOHP,2,,0.04,0.5280762579665761,0.003132415939596567,0.00033598089596362414,
A,WOHP,2,,-0.0025,0.19013709714581128,0.006376536716787627,0.001104392810712311,
A,WOHP,2,,-0.005,0.1715554660326319,0.007086076324674019,0.0012640696308869764,
A,WOHP,2,,-0.01,0.13832557326246525,0.009416705886440679,0.0017834756168111131,
A,WOHP,2,,-0.015,0.11471679013317058,0.014957518366616985,0.0030103295273843245,
A,WOHP,2,,-0.02,0.10899733400629617,0.04624436746389163,0.009902964432468226,
A,EOHP,3,,0.0,0.3442609163890024,0.020535560231815946,0.0014493995366854368,
A,EOHP,3,,0.0025,0.3193539530585999,0.018333269777775975,0.0011898409393995347,
A,EOHP,3,,0.005,0.30049357978956337,0.017358989061286096,0.001039624204160947,
A,EOHP,3,,0.0075,0.2884637135502914,0.016481497669554337,0.000913440945616554,
A,EOHP,3,,0.01,0.28061232936605324,0.01560182669492545,0.0007946270197956873,
A,EOHP,3,,0.0125,0.27972542773954806,0.014904305586318719,0.0007000383386982886,
A,EOHP,3,,0.015,0.2830723285297789,0.014244847744495444,0.0006160149560210619,
A,EOHP,3,,0.02,0.3026528671999029,0.013144175737309314,0.0004822999050040742,
A,EOHP,3,,0.03,0.37509059185403537,0.01164651800527531,0.00030702776863030776,
A,EOHP,3,,0.04,0.46482839193163195,0.010678475881228758,0.00020224968251201096,
A,EOHP,3,,-0.0025,0.37927719944190347,0.020121024390277506,0.0015269695951083573,
A,EOHP,3,,-0.005,0.4233187433740224,0.02081160203390131,0.0017060255589527028,
A,EOHP,3,,-0.01,0.5573592529232546,0.020578975365811502,0.00195417361960349,
A,EOHP,3,,-0.015,0.7900119501160137,0.01729551541416922,0.001869013131074657,
A,EOHP,3,,-0.02,1.1135509835367763,0.01351844926399436,0.0016343441314723257,
A,MOHP,3,,0.0,0.7841003029463669,0.009585302457160215,0.0013406428318939476,
A,MOHP,3,,0.0025,0.7800322121861316,0.008664581508074523,0.0011244259336835396,
A,MOHP,3,,0.005,0.7820634122255455,0.007921408465720885,0.0009535899998164688,
A,MOHP,3,,0.0075,0.7895080212545457,0.007336908631008358,0.000819324487822613,
A,MOHP,3,,0.01,0.8017122827515704,0.0069527932780051845,0.0007217820799811138,
A,MOHP,3,,0.0125,0.8185621962956674,0.006711398941932013,0.0006487800968562169,
A,MOHP,3,,0.015,0.8388967484520412,0.006445278373266851,0.0005794949255456568,
A,MOHP,3,,0.02,0.890986172345805,0.0061326976680600685,0.0004788103527449617,
A,MOHP,3,,0.03,1.0174889972793788,0.00565309626008122,0.0003324811694485808,
A,MOHP,3,,0.04,1.1553982227248425,0.005348265487639015,0.0002371125042403694,
A,MOHP,3,,-0.0025,0.8116093265466006,0.00884329740049257,0.0013143302604203052,
A,MOHP,3,,-0.005,0.8354599973940654,0.00955358064259145,0.0015293176412682975,
A,MOHP,3,,-0.01,0.9090500270766428,0.01167284331458397,0.0021749227856426713,
A,MOHP,3,,-0.015,1.032431537723856,0.015278849508984617,0.0033294244125096554,
A,MOHP,3,,-0.02,1.2399774510074089,0.021166056034462335,0.0054083696707814604,
A,WOHP,3,,0.0,0.3324053374578667,0.005727487355369495,0.0009367108693666379,
A,WOHP,3,,0.0025,0.3960272788732746,0.005273467353872879,0.0008011889485251244,
A,WOHP,3,,0.005,0.45944929678938595,0.004906412827419718,0.0006924322281557042,
A,WOHP,3,,0.0075,0.5201040508029516,0.004642786788749066,0.0006093997262635909,
A,WOHP,3,,0.01,0.5801273995075811,0.004551734590685408,0.0005582242669900896,
A,WOHP,3,,0.0125,0.6387095723746402,0.00440288849343746,0.0005043700174011153,
A,WOHP,3,,0.015,0.7025240641128353,0.004337673163992523,0.00046542340702236586,
A,WOHP,3,,0.02,0.8121968574510214,0.004090747624033453,0.00038118391670915954,
A,WOHP,3,,0.03,1.0190661355594504,0.0037745501082512554,0.0002666433419603612,
A,WOHP,3,,0.04,1.2020212099047645,0.0035603471175102708,0.00019075036942018726,
A,WOHP,3,,-0.0025,0.36648591604784053,0.005348722198300102,0.0009249654084827877,
A,WOHP,3,,-0.005,0.36451533728820784,0.0056465916288218655,0.0010486579375853593,
A,WOHP,3,,-0.01,0.4351230948700959,0.006436357242180355,0.0013821193246192185,
A,WOHP,3,,-0.015,0.6087247523535503,0.007572981287742474,0.0018880154166992795,
A,WOHP,3,,-0.02,0.8777307301731244,0.00926868789447748,0.002693691191426509,
B,EOHP,1,1.0,-0.01,0.4218963198373148,0.044118979740055686,0.004159176721121469,0.3188162999180053
B,EOHP,1,1.0,-0.005,0.335190187879983,0.02636335463804597,0.002187978198621589,0.5329228045718412
B,EOHP,1,1.0,0.0,0.32084961901145265,0.019622913825018004,0.0014276324930657808,0.7543505424154444
B,EOHP,1,1.0,0.005,0.3715055489586883,0.015930948662108237,0.001010554684579158,0.9629601492397221
B,EOHP,1,1.0,0.01,0.455294937532573,0.01367248968140129,0.0007530246526900379,1.1543864986638763
B,EOHP,1,1.0,0.02,0.6494288784325287,0.011048587797966695,0.00045350381824641616,1.4851335335955818
B,EOHP,1,1.0,0.03,0.8362734295613088,0.009543253184145131,0.0002880177342038847,1.7517237126265235
B,EOHP,2,2.0,-0.01,0.35480674367485737,0.06482724764826737,0.006530056298957974,0.47405144533457744
B,EOHP,2,2.0,-0.005,0.42413634932667155,0.03017577584210098,0.0026786386724159048,0.3334670503463557
B,EOHP,2,2.0,0.0,0.5509405924027021,0.020760933909814223,0.0016116728380123554,0.22962224772569262
B,EOHP,2,2.0,0.005,0.6854536492683063,0.016218723106115624,0.0010915508483289728,0.2421007221707993
B,EOHP,2,2.0,0.01,0.8127615028034447,0.013497069868358089,0.0007811879470328768,0.3642117041890227
B,EOHP,2,2.0,0.02,1.0307208878936307,0.010562789503442135,0.00044420228083894345,0.684308875651068
B,EOHP,2,2.0,0.03,1.2012304734923778,0.008996334085614949,0.00026988854833637747,0.9953053607541611
B,EOHP,3,3.0,-0.01,0.3176536149487301,0.04566831828687574,0.0043283473542691225,0.5020997285081652
B,EOHP,3,3.0,-0.005,0.34748328970455344,0.024880478957042314,0.0022257917270617307,0.4865066846247471
B,EOHP,3,3.0,0.0,0.3863836282405553,0.01795378670529727,0.0015170219577994605,0.7648998109578864
B,EOHP,3,3.0,0.005,0.4297957870653628,0.01423572446200707,0.0011347829190985657,1.1471440411663794
B,EOHP,3,3.0,0.01,0.47570417320490554,0.012049414083705376,0.0009061943888059416,1.5612445985071581
B,EOHP,3,3.0,0.02,0.5694933199776756,0.009625117405602122,0.0006439730910113252,2.4161218943802387
B,EOHP,3,3.0,0.03,0.6611577536140418,0.008262604762510041,0.0004907901086230984,3.263630318242692
B,MOHP,1,1.0,-0.01,0.8356822149389976,0.017556198769314024,0.003033483028653296,0.6532749956404807
B,MOHP,1,1.0,-0.005,0.6376244089272207,0.0114910144989039,0.0017667283796941572,0.2621054199595834
B,MOHP,1,1.0,0.0,0.4974821078417059,0.008987771980108937,0.0012299777111848906,0.18687316664297696
B,MOHP,1,1.0,0.005,0.48793096088155397,0.007626855800926253,0.0009281376509857895,0.4863862351412754
B,MOHP,1,1.0,0.01,0.5994429186116985,0.006736815892809478,0.0007273202477725393,0.7804839313817011
B,MOHP,1,1.0,0.02,0.885902607695042,0.00563669977283224,0.000475644479221545,1.2941410489601242
B,MOHP,1,1.0,0.03,1.1683494316754348,0.004961867138574763,0.00032455474651904716,1.7127299068444473
B,MOHP,2,2.0,-0.01,0.8432832291077659,0.018749475711933056,0.0032883931713771635,0.721699774334687
B,MOHP,2,2.0,-0.005,0.5829024097220676,0.011769357485037508,0.00184720080882822,0.4912428539272166
B,MOHP,2,2.0,0.0,0.46453018876082314,0.009115779793661058,0.0012782029630070283,0.281169849407216
B,MOHP,2,2.0,0.005,0.6137028061533519,0.007684595575228818,0.000958962910193541,0.16293793771879678
B,MOHP,2,2.0,0.01,0.7986977950316889,0.0067558123285947035,0.0007468384024453148,0.28469341304709983
B,MOHP,2,2.0,0.02,1.155768670558122,0.005586057377288755,0.0004780181328303119,0.6969835601970581
B,MOHP,2,2.0,0.03,1.4619304416400718,0.0048970696962321635,0.00031991827474598446,1.1008388036869408
B,MOHP,3,3.0,-0.01,0.1294118596871924,0.011434641507117899,0.0016846850408257187,1.5646604961496804
B,MOHP,3,3.0,-0.005,0.09830315946193244,0.008764033038476783,0.0012329612997481864,1.0908932404494216
B,MOHP,3,3.0,0.0,0.15198264594780336,0.0072413218310296784,0.0009724273511384603,0.8326612278718638
B,MOHP,3,3.0,0.005,0.22919283166572346,0.006254058617737092,0.0008014586525311331,0.9672783254168579
B,MOHP,3,3.0,0.01,0.3095221481957675,0.005564596582869741,0.0006802934588081835,1.3688613919409747
B,MOHP,3,3.0,0.02,0.4635188722402863,0.004698556931986724,0.0005223014967889399,2.354090223557471
B,MOHP,3,3.0,0.03,0.6077915077710322,0.004207944976867308,0.0004268133254321499,3.3559993033994173
B,WOHP,1,1.0,-0.01,0.49338754370541704,0.00893800070719456,0.0018395813961536685,0.9786013194533596
B,WOHP,1,1.0,-0.005,0.2625262550283878,0.006926654885326744,0.001279473702547198,0.5240691799815523
B,WOHP,1,1.0,0.0,0.26910514000410163,0.005767076342543585,0.0009531860298919062,0.15302121502990448
B,WOHP,1,1.0,0.005,0.4671807338492211,0.00501109600388711,0.0007389623375944475,0.3026449917703733
B,WOHP,1,1.0,0.01,0.6838220670580772,0.004485118005713673,0.0005887668781526657,0.6233308217304013
B,WOHP,1,1.0,0.02,1.0812209823382752,0.0037940943162185605,0.0003923339484210067,1.1862558834635224
B,WOHP,1,1.0,0.03,1.4219852901085779,0.00338324884470393,0.0002742507076049052,1.6441298887265678
B,WOHP,2,2.0,-0.01,0.7603896577900826,0.00841360534060001,0.0016823627733852343,0.3942299322903804
B,WOHP,2,2.0,-0.005,0.4188521110278174,0.006707489204943778,0.0012119510943536214,0.20224190845389156
B,WOHP,2,2.0,0.0,0.22768434734282764,0.005694336077287054,0.0009248940056329755,0.23878548488860063
B,WOHP,2,2.0,0.005,0.3956026115072779,0.004980268875974707,0.0007226239089154347,0.45429638666029715
B,WOHP,2,2.0,0.01,0.647515036333612,0.004468535358395518,0.000576475461820304,0.6935485138172811
B,WOHP,2,2.0,0.02,1.093640938015686,0.0037731308432483674,0.0003799219481313781,1.1623967475802548
B,WOHP,2,2.0,0.03,1.453820944518267,0.0033401280409846917,0.00025909352721537596,1.5953880193842425
B,WOHP,3,3.0,-0.01,0.3429649662281098,0.009414146287931567,0.001691279927327707,1.4418035254404495
B,WOHP,3,3.0,-0.005,0.25495642227340504,0.007166733783417697,0.0012348818490827802,0.7683778337966997
B,WOHP,3,3.0,0.0,0.20100358814421435,0.005882570170592036,0.0009719341786821957,0.35792241960697574
B,WOHP,3,3.0,0.005,0.19764485054868797,0.005063928381027797,0.0008022969034086291,0.7811046768880268
B,WOHP,3,3.0,0.01,0.24504543007994883,0.0045116172258408875,0.0006856515682716198,1.390202578027697
B,WOHP,3,3.0,0.02,0.38926087797049813,0.0038244059732338654,0.0005356862358772426,2.5845105357633984
B,WOHP,3,3.0,0.03,0.5380053889166293,0.0033939619569655346,0.00043823318182375576,3.665645248820895
