fold,run,fluid,method,seed,rmse_Te,rmse_Tc,end_err_Te,max_abs_Te
1,1,EOHP,ODE-shoot,-1,0.7837378350519212,0.1591571414020586,1.0738829549075604,1.144437676263955
1,1,MOHP,ODE-shoot,-1,0.2104098310631358,0.2762127416384966,0.23815663670611542,0.40116287184833865
1,1,WOHP,ODE-shoot,-1,0.23803553172096503,0.16537999756430147,-0.3185751637509995,0.36843708480475357
1,1,EOHP,MLP,-1,4.561124560543405,0.4936435360638911,7.048255782602233,7.168788945608377
1,1,MOHP,MLP,-1,3.633660062887381,0.34899819832088663,6.238022385537114,6.238022385537114
1,1,WOHP,MLP,-1,3.5938150337081702,0.571951572978292,5.262903503658059,5.262903503658059
1,1,EOHP,GP,-1,1.1370674112050985,0.3231763248428711,1.847482486238441,1.945217181534808
1,1,MOHP,GP,-1,0.568876349928453,0.18210503704002273,0.9262654848192042,0.9792736048851864
1,1,WOHP,GP,-1,0.6050707857224583,0.11022823502473338,0.6509491273362116,1.099308540045179
1,1,EOHP,PINN-const,0,0.670427096487223,0.24424355476042597,0.8817855918221369,0.970014827634607
1,1,MOHP,PINN-const,0,0.3021481178706502,0.3698602853979449,0.1209365792308219,0.8142076851230762
1,1,WOHP,PINN-const,0,0.3814605000330804,0.2593457293857285,-0.44231488270921204,0.6891657184584332
1,1,EOHP,PINN-const,1,0.668582732441023,0.24163625600178193,0.8753113459248851,0.964744563513257
1,1,MOHP,PINN-const,1,0.3095230446088931,0.3702287653819459,0.11433932476826669,0.8401910497638916
1,1,WOHP,PINN-const,1,0.38919059804696904,0.25717378306566996,-0.4466442256488534,0.7134163547169692
1,1,EOHP,PINN-state,0,0.33502032390467706,0.4053329470632081,0.319422658284509,0.7010396321614607
1,1,MOHP,PINN-state,0,0.5312869063296954,0.2977071300731683,-0.23298772176107008,1.0408800760905024
1,1,WOHP,PINN-state,0,1.2036032719379626,0.30965010088422373,-1.3581685384114621,1.443051910400392
1,1,EOHP,PINN-state,1,0.32309804291305344,0.4113167735770724,0.33177464803060275,0.6480344136556013
1,1,MOHP,PINN-state,1,0.5150397393330161,0.3056318328562588,-0.15917332967122633,1.0256174723307367
1,1,WOHP,PINN-state,1,1.2099891362608102,0.3228791339560928,-1.3580121358235715,1.4577702840169309
1,1,EOHP,GP-wide,-1,0.863838172099121,0.3177555010120068,1.278870963562106,1.3635864263023905
1,1,MOHP,GP-wide,-1,0.46226813292169944,0.18741542919085738,0.1820075959466223,1.3608321428412964
1,1,WOHP,GP-wide,-1,0.41902894059308743,0.11322325409883588,-0.2047970077551895,0.7917583283899035
1,1,EOHP,PINN-const,2,0.6854417283747534,0.2423419476880926,0.892407389426026,0.9825604447970377
1,1,MOHP,PINN-const,2,0.31490921611063094,0.3702771104975123,0.11514898641004834,0.8531908932742631
1,1,WOHP,PINN-const,2,0.3952730997769824,0.2608485035525973,-0.45436459365503623,0.7253947769678746
1,1,EOHP,PINN-const,3,0.6646277145577884,0.2463332294612804,0.876455612989723,0.9642797164160228
1,1,MOHP,PINN-const,3,0.2989779119664009,0.37139264814403733,0.12051153888995714,0.8059800437820712
1,1,WOHP,PINN-const,3,0.3786065472712592,0.2600261974494298,-0.4393495199354476,0.68273545779698
1,1,EOHP,PINN-const,4,0.6925194354456121,0.24341802131809887,0.9073353793284582,0.9956314348727773
1,1,MOHP,PINN-const,4,0.301477278630248,0.3649252370827888,0.12293088345625591,0.8100860054285697
1,1,WOHP,PINN-const,4,0.38168586691013073,0.2599317586600236,-0.4436162291262775,0.687821935733389
1,1,EOHP,PINN-const,5,0.6931509469949773,0.2420859769148198,0.912000616777199,0.999203234257493
1,1,MOHP,PINN-const,5,0.2973572895336442,0.3703648876033425,0.12776453329018267,0.7938014734396006
1,1,WOHP,PINN-const,5,0.3732244225344388,0.25958803208347264,-0.433109967117808,0.6724254887790551
1,1,EOHP,PINN-const,6,0.68709626417099,0.24449048333348777,0.8963973279363486,0.9859635506250939
1,1,MOHP,PINN-const,6,0.30328254154030165,0.3739662392207711,0.1001043042385632,0.8366576465653779
1,1,WOHP,PINN-const,6,0.3916989848129737,0.26263635822122855,-0.45134212241114113,0.7156230981355449
1,1,EOHP,PINN-const,7,0.6483425151207106,0.24117619607157093,0.8576801818065007,0.9453880569151707
1,1,MOHP,PINN-const,7,0.30101679269688625,0.37040692554279847,0.12156689457506076,0.8120636620860431
1,1,WOHP,PINN-const,7,0.3778492145941754,0.261219441959495,-0.4319710710247264,0.6921853970735476
1,1,EOHP,PINN-const,8,0.6807899127031332,0.24324818149789815,0.8926289301156984,0.9812072153563562
1,1,MOHP,PINN-const,8,0.3053190898280964,0.3725521267378397,0.11933900544786269,0.8238198158662193
1,1,WOHP,PINN-const,8,0.38417039958980503,0.2623393324380828,-0.4425143644565708,0.6997726600992706
1,1,EOHP,PINN-const,9,0.6851230536281594,0.24007718864306943,0.895748240793111,0.9848742430616895
1,1,MOHP,PINN-const,9,0.30163500188024084,0.36154386568767205,0.11125113028075617,0.8225209673349596
1,1,WOHP,PINN-const,9,0.38421927225939756,0.2513594409554046,-0.4422491714062673,0.7005668661149116
1,1,EOHP,PINN-state,2,0.3418682097241964,0.3911467287768227,0.371699269612634,0.6934712727864607
1,1,MOHP,PINN-state,2,0.48898569205374465,0.2958789140921917,-0.19726308186849195,0.9930857340494867
1,1,WOHP,PINN-state,2,1.1727068293868628,0.3031724995558593,-1.2963017781575559,1.399714406331384
1,1,EOHP,PINN-state,3,0.2875875431600928,0.4025728245589738,0.3318700154622434,0.564236958821617
1,1,MOHP,PINN-state,3,0.5637380819389178,0.3345672759328944,-0.24175389607747633,1.1486605326334711
1,1,WOHP,PINN-state,3,1.2285360116550086,0.330095682660227,-1.394770558675134,1.4875762939453168
1,1,EOHP,PINN-state,4,0.32800851659346525,0.4084454608233009,0.3333539326985715,0.6684583028157576
1,1,MOHP,PINN-state,4,0.5582152360508994,0.299708958201175,-0.21305592854817945,1.0668123881022211
1,1,WOHP,PINN-state,4,1.2104486068118478,0.31156513962362026,-1.3536214192708371,1.4525060017903684
1,1,EOHP,PINN-state,5,0.2967341224684321,0.392776154983688,0.36212437947591525,0.5567143758138045
1,1,MOHP,PINN-state,5,0.5387651593125756,0.3208121588360283,-0.19045384724935133,1.0891283671061274
1,1,WOHP,PINN-state,5,1.1991290281780678,0.33016952635893887,-1.3702191670735715,1.4635093688964886
1,1,EOHP,PINN-state,6,0.26714231481712297,0.3946943632051943,0.344752248128259,0.49936625162761317
1,1,MOHP,PINN-state,6,0.5916965404452262,0.35524761443411623,-0.2749341328938826,1.2078341166178461
1,1,WOHP,PINN-state,6,1.2205186792759655,0.3385751819448192,-1.4192876180013059,1.5029098510742216
1,1,EOHP,PINN-state,7,0.33338709244625425,0.4066060526534578,0.31534093221029025,0.7017262776692732
1,1,MOHP,PINN-state,7,0.6369102595145771,0.3172291355736702,-0.23745091756185133,1.1791819254557367
1,1,WOHP,PINN-state,7,1.286531001495758,0.33492150654764563,-1.4065999348958371,1.5377415974934934
1,1,EOHP,PINN-state,8,0.24480022766060444,0.3995118557992612,0.3256024678548215,0.4165280659993513
1,1,MOHP,PINN-state,8,0.5495087427493893,0.3505994477904294,-0.21862920125325758,1.169515482584643
1,1,WOHP,PINN-state,8,1.1905993672141453,0.3410963069068447,-1.4081105550130246,1.4892211914062514
1,1,EOHP,PINN-state,9,0.30924036434953217,0.403718249431776,0.33386510213216525,0.6215146382649763
1,1,MOHP,PINN-state,9,0.5442560805025706,0.3118200188383052,-0.20257314046224195,1.0774248758951899
1,1,WOHP,PINN-state,9,1.2130210145699742,0.3213726342186847,-1.3698148091634152,1.4651173909505246
1,1,EOHP,PINN-const-df,0,0.6753181347103423,0.22944205529405073,0.8870686848958371,0.9755238850911496
1,1,MOHP,PINN-const-df,0,0.30024216351099164,0.3547897049283017,0.10975519816080492,0.816283035278321
1,1,WOHP,PINN-const-df,0,0.3519338849145832,0.24880349794984882,-0.4148320515950559,0.6257128397623717
1,1,EOHP,PINN-const-df,1,0.672104039239028,0.22881875281355252,0.8769521077473996,0.9672154744466184
1,1,MOHP,PINN-const-df,1,0.3048036660615092,0.3565979396829577,0.10774485270182055,0.8309978485107408
1,1,WOHP,PINN-const-df,1,0.3586720317417916,0.2477284795342676,-0.4186467488606809,0.6432482401529995
1,1,EOHP,PINN-const-df,2,0.690153944887262,0.2264914039145735,0.8966779073079465,0.9872769673665402
1,1,MOHP,PINN-const-df,2,0.31666078852130486,0.35395345791186744,0.10198084513346117,0.865845870971679
1,1,WOHP,PINN-const-df,2,0.3658116996546664,0.24911198485309868,-0.4264325459798215,0.654916636149089
1,1,EOHP,SINDy,-1,0.9024178413107193,0.24912729699353348,1.0371495459365647,1.1255243547714855
1,1,MOHP,SINDy,-1,0.5443381406649593,0.21662880462342024,0.5721152173031427,0.7698157975618898
1,1,WOHP,SINDy,-1,0.5056214200020244,0.5113135242603344,0.29682131737581585,0.8043001127518679
1,1,EOHP,PINN-kTe,0,0.3165645214200647,0.31373369641565313,0.4746159871419309,0.5516652425130246
1,1,MOHP,PINN-kTe,0,0.1768082284660452,0.23088759725298194,0.002775828043617423,0.5980712890624993
1,1,WOHP,PINN-kTe,0,0.7630512993457057,0.24561415097481007,-0.9807538350423215,1.0285481770833371
1,1,EOHP,PINN-kTe,1,0.31080625618058055,0.31018860362152373,0.4654645284016965,0.544306691487634
1,1,MOHP,PINN-kTe,1,0.184819099754319,0.23537333788654996,-0.024049123128257577,0.6224971771240249
1,1,WOHP,PINN-kTe,1,0.7871636626999785,0.2457882007611789,-1.0131749471028684,1.0607053120931056
1,1,EOHP,PINN-kTe,2,0.3270849205238792,0.312427002321321,0.4940327962239621,0.5732487996419309
1,1,MOHP,PINN-kTe,2,0.19110896590542537,0.2342713112530968,-0.003159840901695077,0.6391742706298835
1,1,WOHP,PINN-kTe,2,0.755974349104848,0.2432006408762206,-0.9822453816731809,1.0296483357747448
1,1,EOHP,GRU,0,0.7343420285613499,0.5266569880835417,1.1445658938647796,1.1989504612962207
1,1,MOHP,GRU,0,0.9105685183741492,0.5496007442837687,1.399893814818931,1.4278477574964015
1,1,WOHP,GRU,0,0.9731775199097378,0.8754054834369107,0.858080596472,1.90872745627901
1,1,EOHP,GRU,1,0.27200716152266763,0.3275190199868264,0.08398004586206298,1.0025033400799934
1,1,MOHP,GRU,1,0.681503126917394,0.3702093358014727,1.191841495357437,1.191841495357437
1,1,WOHP,GRU,1,1.4385955876044834,1.1388839574296663,-1.3582406071929753,1.9013197301298064
1,1,EOHP,GRU,2,0.37937052648644687,0.5486446577816018,0.5849549972093158,0.7436326190809872
1,1,MOHP,GRU,2,0.4221207894466982,0.7843680742351227,0.8031873220786494,0.8586100160589751
1,1,WOHP,GRU,2,1.1598920553034837,0.9624499809796052,-0.8765411235821006,1.6044808937053006
1,1,EOHP,Trivial,-1,0.7544884890274942,,-0.026728307474172652,3.1766061178359024
1,1,MOHP,Trivial,-1,2.0457748976061945,,-1.5132054518582763,5.829749928886677
1,1,WOHP,Trivial,-1,2.8164081268037338,,-2.410554926833825,7.160432737195549
1,1,EOHP,Ridge-linear,-1,3.3898121718376952,1.109319947237139,5.263978398769346,5.2932328383632665
1,1,MOHP,Ridge-linear,-1,2.0474006819332615,0.9809537400619062,3.4524207514139746,3.4524207514139746
1,1,WOHP,Ridge-linear,-1,1.2837051785803466,1.0395004455030654,2.277160232285766,2.299827151421333
1,1,EOHP,One-node,-1,0.7528316098955707,,1.0053522609966166,1.0855169092376613
1,1,MOHP,One-node,-1,0.19050998451368986,,0.23132339643225208,0.3442976467260124
1,1,WOHP,One-node,-1,0.2190315276260781,,-0.3071557388538224,0.38758137095891954
1,1,EOHP,Linear-SS,-1,0.5160795863438774,0.26993771480413387,0.7085143439756507,0.813029686218016
1,1,MOHP,Linear-SS,-1,0.18652966980257743,0.1315808813753586,0.15579572433203026,0.46215613015292334
1,1,WOHP,Linear-SS,-1,0.13406270526867936,0.27209870846866885,-0.14686481666259965,0.4089126117381312
2,2,EOHP,ODE-shoot,-1,0.2638143004889185,0.3317624289284297,0.3322952270507784,0.5367319742838532
2,2,MOHP,ODE-shoot,-1,0.25016161358689226,0.2839978825912162,-0.20733413696289915,0.9248110453287737
2,2,WOHP,ODE-shoot,-1,0.2554228950497458,0.3513848157117229,-0.15153884887695312,0.5686571756998617
2,2,EOHP,MLP,-1,6.685202745553775,0.42390579263337086,-9.570443350356484,9.668134305947113
2,2,MOHP,MLP,-1,5.961131510787769,0.3318163351206777,-8.478633282878555,8.663441411984437
2,2,WOHP,MLP,-1,5.282973859489961,0.467169912423771,-8.10910613883668,9.047149213860447
2,2,EOHP,GP,-1,0.9539225477965341,0.3176882925576196,0.2820394539651403,1.6017893230857183
2,2,MOHP,GP,-1,0.5273234626298935,0.5371540737659855,0.6439207289237316,1.7057839194145963
2,2,WOHP,GP,-1,0.6520289099059161,0.37959394319160766,1.3449914401502099,2.3875890008063365
2,2,EOHP,PINN-const,0,0.2692782514093207,0.3206952780044414,0.025975036621090908,0.6965510050455705
2,2,MOHP,PINN-const,0,0.420394984599267,0.293484171052636,-0.3958488464355554,1.4260332743326813
2,2,WOHP,PINN-const,0,0.42010493235828356,0.3217250789445463,-0.3348960876464844,0.8978149414062457
2,2,EOHP,PINN-const,1,0.250387635972018,0.3229572066547844,0.06938629150390341,0.6934210459391252
2,2,MOHP,PINN-const,1,0.4082792672137259,0.29370895772866823,-0.3798118591308679,1.4088869730631473
2,2,WOHP,PINN-const,1,0.40976106449736366,0.3223497870329198,-0.3455657958984375,0.8701812744140582
2,2,EOHP,PINN-state,0,0.6021463381233187,0.4362787461978226,0.5057495117187472,1.3907623291015625
2,2,MOHP,PINN-state,0,0.34988377863279185,0.3055814832315222,-0.23898468017578978,0.6206929524739664
2,2,WOHP,PINN-state,0,0.39914156375478665,0.3896032729887555,0.12042236328125,1.1847965240478509
2,2,EOHP,PINN-state,1,0.5680515203126859,0.3802555757330443,0.49215393066405966,1.3279843648274792
2,2,MOHP,PINN-state,1,0.5859677707080512,0.41583424450011375,-0.6908927917480554,0.8421780904134124
2,2,WOHP,PINN-state,1,0.38326447626877264,0.327207147901897,-0.14740753173828125,1.2040828704834006
2,2,EOHP,GP-wide,-1,0.4504090015257648,0.31670535027955715,0.37938464501146996,1.5430979784685128
2,2,MOHP,GP-wide,-1,0.4936727962664997,0.5327294833225111,0.4475259707620438,1.90375785898879
2,2,WOHP,GP-wide,-1,1.280773577149177,0.37653578409561067,1.2758056679385703,1.6476556580957507
2,2,EOHP,PINN-const,2,0.2686257687671837,0.3240463508692879,0.031010437011715908,0.6776137034098291
2,2,MOHP,PINN-const,2,0.39981687260933574,0.2912454515279422,-0.3618827819824304,1.4203646341959626
2,2,WOHP,PINN-const,2,0.41058813772801395,0.32455557585813055,-0.3460540771484375,0.8717834472656207
2,2,EOHP,PINN-const,3,0.2647428433155512,0.32319472047631764,0.03485565185546591,0.7002878824869789
2,2,MOHP,PINN-const,3,0.40950754483141427,0.29266440028418755,-0.3740783691406335,1.4360720316568987
2,2,WOHP,PINN-const,3,0.4171142895959609,0.3249402957065353,-0.3562507629394531,0.8815910339355426
2,2,EOHP,PINN-const,4,0.24897356472674795,0.32233951622134555,0.07029418945312216,0.7054937998453781
2,2,MOHP,PINN-const,4,0.40646437959100523,0.290735335482664,-0.3730216979980554,1.4223131815592467
2,2,WOHP,PINN-const,4,0.4133651811309531,0.3243410204106528,-0.3474922180175781,0.877345275878902
2,2,EOHP,PINN-const,5,0.24997591577130188,0.32403741650539936,0.06661682128905966,0.7111849466959619
2,2,MOHP,PINN-const,5,0.41274312754343884,0.2915806042799813,-0.3818679809570398,1.4293368021647126
2,2,WOHP,PINN-const,5,0.4175468708060443,0.3230780340616591,-0.3463134765625,0.887232971191402
2,2,EOHP,PINN-const,6,0.24197992247258399,0.32237545442324395,0.1274917602539034,0.5795225779215478
2,2,MOHP,PINN-const,6,0.3685489410683883,0.290285154323373,-0.3478866577148523,1.265331522623697
2,2,WOHP,PINN-const,6,0.3596231539572286,0.3218884795273798,-0.3055992126464844,0.7744224548339744
2,2,EOHP,PINN-const,7,0.2517399882215104,0.32274305281494464,0.08408813476562216,0.6224344889322921
2,2,MOHP,PINN-const,7,0.38490358558510146,0.2922229283263208,-0.3600173950195398,1.3323839823404953
2,2,WOHP,PINN-const,7,0.3818072264436009,0.3249745835320178,-0.3197898864746094,0.818202209472652
2,2,EOHP,PINN-const,8,0.2568169008448761,0.32576284343339695,0.07697753906249716,0.6029932657877595
2,2,MOHP,PINN-const,8,0.3853065265640641,0.2892906992484617,-0.3648010253906335,1.3153841654459626
2,2,WOHP,PINN-const,8,0.3781779656374911,0.3205397769698302,-0.3212776184082031,0.8091041564941364
2,2,EOHP,PINN-const,9,0.2560985881489347,0.3188694643864792,0.05379180908202841,0.7021902720133468
2,2,MOHP,PINN-const,9,0.4080821440279998,0.2888820511908801,-0.37615737915039915,1.4210383097330705
2,2,WOHP,PINN-const,9,0.41490752512066903,0.3212979495997876,-0.34864044189453125,0.8802597045898395
2,2,EOHP,PINN-state,2,0.5928260531155833,0.43610375116216243,0.5210540771484347,1.3746826171874957
2,2,MOHP,PINN-state,2,0.29415684412303256,0.30410870456079964,-0.20182189941407103,0.5437962849934976
2,2,WOHP,PINN-state,2,0.3925146864456893,0.39240491854330417,0.14048004150390625,1.1014186859130852
2,2,EOHP,PINN-state,3,0.5663694450102738,0.43291921171586767,0.4861953735351534,1.3499336242675852
2,2,MOHP,PINN-state,3,0.32665901963986543,0.31322836566172857,-0.28298721313477415,0.5184712727864635
2,2,WOHP,PINN-state,3,0.35843360571008875,0.3965611511753233,0.08354568481445312,0.9787097930908217
2,2,EOHP,PINN-state,4,0.5921659527890865,0.453837679440408,0.5427825927734347,1.3668861389160156
2,2,MOHP,PINN-state,4,0.3458507240041034,0.31865015948363895,-0.30279312133789915,0.5289395650227959
2,2,WOHP,PINN-state,4,0.3756667572033763,0.40691773030845346,0.17899322509765625,0.993091201782228
2,2,EOHP,PINN-state,5,0.5498755725558291,0.37624724433391155,0.43587951660155966,1.2774909973144517
2,2,MOHP,PINN-state,5,0.5289575629413702,0.3904059022102904,-0.5722061157226648,0.7242909749348954
2,2,WOHP,PINN-state,5,0.4177896373831282,0.41260130328777556,0.2498779296875,1.0624637603759766
2,2,EOHP,PINN-state,6,0.603042933661326,0.41009485643601984,0.5836914062499972,1.3307411193847614
2,2,MOHP,PINN-state,6,0.4347092614952598,0.3603066378278104,-0.413796997070321,0.6986907958984361
2,2,WOHP,PINN-state,6,0.4989333175347884,0.42586433246462424,0.3371925354003906,1.1936771392822259
2,2,EOHP,PINN-state,7,0.6276649143722592,0.42532992708625605,0.5729263305664034,1.4043739318847628
2,2,MOHP,PINN-state,7,0.44666846690030904,0.3580579338518323,-0.3680130004882898,0.8336919148763045
2,2,WOHP,PINN-state,7,0.48307532594814967,0.40547677722606257,0.2544441223144531,1.2682596842447929
2,2,EOHP,PINN-state,8,0.6227107131935677,0.47244039559548645,0.6465042114257784,1.316844940185554
2,2,MOHP,PINN-state,8,0.37428608873787117,0.3343207035909331,-0.3328872680664148,0.5865605672200616
2,2,WOHP,PINN-state,8,0.4376214236858521,0.420639177415705,0.2558326721191406,1.0486740112304709
2,2,EOHP,PINN-state,9,0.591969028298452,0.43744700289907384,0.5580566406249972,1.3238632202148395
2,2,MOHP,PINN-state,9,0.430628705174181,0.3577650360399043,-0.4365440368652429,0.6197097778320284
2,2,WOHP,PINN-state,9,0.45116996967379275,0.4251643193813421,0.33838653564453125,1.0515014648437493
2,2,EOHP,PINN-const-df,0,0.28290248444888877,0.3340145474282107,-0.014598083496096592,0.7479620615641274
2,2,MOHP,PINN-const-df,0,0.4105429527112729,0.2822749913123809,-0.392251586914071,1.381723276774089
2,2,WOHP,PINN-const-df,0,0.35034310779982847,0.32588619320684703,-0.24737167358398438,0.7763938903808523
2,2,EOHP,PINN-const-df,1,0.2706271111146581,0.33696304091291857,0.007946777343747158,0.7548090616861955
2,2,MOHP,PINN-const-df,1,0.3966421725870416,0.2839058663460951,-0.3756004333496179,1.35423151652018
2,2,WOHP,PINN-const-df,1,0.33859248512689344,0.32558854199902915,-0.24045944213867188,0.7530654907226477
2,2,EOHP,PINN-const-df,2,0.28775295355641967,0.33684691463961147,-0.020808410644534092,0.7290751139322893
2,2,MOHP,PINN-const-df,2,0.3930882622088512,0.28016571017851855,-0.3620544433593835,1.3848124186197879
2,2,WOHP,PINN-const-df,2,0.34659374096565504,0.3274326064215074,-0.2500419616699219,0.7675201416015511
2,2,EOHP,SINDy,-1,2.1566166210351554,1.7694870675872432,-2.023933944970068,2.5625559529715503
2,2,MOHP,SINDy,-1,0.79491197523689,0.7367523877202475,-0.01109880371073757,1.464946225874229
2,2,WOHP,SINDy,-1,0.6050645102166721,0.46008815629673083,0.47969212269251926,0.9518116215887034
2,2,EOHP,PINN-kTe,0,0.424084068907032,0.2670092007026883,-0.006877136230471592,0.8394587198893291
2,2,MOHP,PINN-kTe,0,0.36402104580257055,0.2998924326025238,-0.349649047851571,1.1813921610514342
2,2,WOHP,PINN-kTe,0,0.27682061460672974,0.3092903335551462,-0.3818626403808594,0.4993342081705734
2,2,EOHP,PINN-kTe,1,0.3879813710353005,0.2665721466271792,0.04029541015624716,0.7895167032877666
2,2,MOHP,PINN-kTe,1,0.34878427312007065,0.2987817528999078,-0.3262191772461023,1.1847963968912723
2,2,WOHP,PINN-kTe,1,0.28111377808718474,0.31108387647254676,-0.3924713134765625,0.5098902384440152
2,2,EOHP,PINN-kTe,2,0.41394409244983676,0.2686036253608689,-0.015322875976565342,0.8083193461100322
2,2,MOHP,PINN-kTe,2,0.3518451714709941,0.2977898837143367,-0.3219009399414148,1.247929636637366
2,2,WOHP,PINN-kTe,2,0.2920405616928445,0.30957927089217385,-0.40093231201171875,0.5179064432779938
2,2,EOHP,GRU,0,0.6916189034344653,0.35747075864404565,-0.5062750198988226,1.1833063646514432
2,2,MOHP,GRU,0,1.2987514538036444,0.8648988724534584,-1.6284405858322017,2.052466794220564
2,2,WOHP,GRU,0,0.6749110502898455,0.302887505383568,-0.7274400446336386,1.0547327580183534
2,2,EOHP,GRU,1,0.6251917867182135,0.48461179104055124,-0.5441923577052421,1.097584862966876
2,2,MOHP,GRU,1,0.9911836885195129,0.5871879623169476,-0.27106020024009325,1.6112857278570374
2,2,WOHP,GRU,1,0.5439973191486759,0.5083048064856872,0.9694692826694151,0.9753135239570696
2,2,EOHP,GRU,2,0.3288589310970635,0.25388561394325354,-0.2072174050040445,0.6767913280865727
2,2,MOHP,GRU,2,0.6711393529245826,1.2654295404952822,0.547779105852527,1.1434679182369436
2,2,WOHP,GRU,2,0.36649212720073654,0.310509914348155,0.5651005522006542,0.7245240523945
2,2,EOHP,Trivial,-1,0.569846780461313,,0.2220304996533713,3.100746618019464
2,2,MOHP,Trivial,-1,0.8335883815243101,,0.02912320785095801,5.293653909821877
2,2,WOHP,Trivial,-1,1.0475979067197088,,0.1746921135142827,6.3814183374918905
2,2,EOHP,Ridge-linear,-1,5.8343652326576025,1.9146159106384313,-9.4259551959087,9.45928852924203
2,2,MOHP,Ridge-linear,-1,5.553271434630998,2.095693468811454,-9.792428942966666,9.89242894296666
2,2,WOHP,Ridge-linear,-1,5.962357618029046,1.9563753823506829,-11.093351105269349,11.096059375565595
2,2,EOHP,One-node,-1,0.22519310961092515,,0.20775385809719182,0.4723867137625746
2,2,MOHP,One-node,-1,0.26071452863420935,,-0.22932784681898255,0.6657691531096717
2,2,WOHP,One-node,-1,0.2441173987703897,,-0.1794623416464063,0.7449635923677818
2,2,EOHP,Linear-SS,-1,0.319875953141733,0.3450250935324472,-0.06686243360609012,0.6269889874985282
2,2,MOHP,Linear-SS,-1,0.32299366746913494,0.3055828448781543,-0.3260308795944198,0.9473169089706133
2,2,WOHP,Linear-SS,-1,0.254570158796507,0.3246789956389267,0.0818726468995763,0.5590712210269686
3,3,EOHP,ODE-shoot,-1,0.8539079700537642,0.6290103314130367,-0.8961090087890824,1.6915166219075601
3,3,MOHP,ODE-shoot,-1,0.8325933824805853,0.5236914889060408,0.18011881510416572,3.8689849853515597
3,3,WOHP,ODE-shoot,-1,0.49015214230902554,0.7963935269273301,-0.2760767618815265,1.6718701680501198
3,3,EOHP,MLP,-1,25.852241486346063,1.157355950646115,-32.991883989275166,33.240560252185
3,3,MOHP,MLP,-1,22.930357789261056,1.76438517174503,-28.9330899479979,32.33180579883317
3,3,WOHP,MLP,-1,21.8302796205596,1.6838933985348041,-27.485837721961424,32.717402087206686
3,3,EOHP,GP,-1,25.70977130428201,0.3903958077932709,-29.36145177044839,30.618790612559785
3,3,MOHP,GP,-1,24.68290961044306,1.1071063615932546,-27.762753322100977,29.41921090436827
3,3,WOHP,GP,-1,26.993716659130627,0.968389214282846,-30.388775797719845,31.895402808339774
3,3,EOHP,PINN-const,0,0.8484523180380038,0.5203553313217292,-1.14615478515627,1.4704243977864664
3,3,MOHP,PINN-const,0,0.7980412964132372,1.2213513120639992,-0.13006184895833428,3.6649093627929688
3,3,WOHP,PINN-const,0,0.8817236817838062,0.6943030694248912,-0.659331766764339,2.5980565388997334
3,3,EOHP,PINN-const,1,0.8403408908042239,0.5043950704915454,-1.1607345581054886,1.440685526529947
3,3,MOHP,PINN-const,1,0.8099667908297566,1.1985801749092915,-0.15708516438802178,3.6629837036132784
3,3,WOHP,PINN-const,1,0.9198476224944396,0.6729951005184587,-0.676726786295589,2.682746632893874
3,3,EOHP,PINN-state,0,1.4646398897488317,0.44319014764812,-2.2386993408203324,2.4798802693685076
3,3,MOHP,PINN-state,0,0.8828433233115142,0.9336838810994889,0.33602549235025947,4.206492614746097
3,3,WOHP,PINN-state,0,0.902402908334732,0.3030118403850357,-1.1252894083659015,1.9089536031087135
3,3,EOHP,PINN-state,1,1.4136151804617607,0.40985752108278045,-2.1828826904297074,2.423137410481786
3,3,MOHP,PINN-state,1,0.8255504341169514,0.9657463211939372,-0.01950429280599053,4.043780517578128
3,3,WOHP,PINN-state,1,0.7931159378466313,0.37740370889155894,-0.8116678873698078,1.9668080647786397
3,3,EOHP,GP-wide,-1,25.7217394548727,0.3912070747674879,-29.377675407805896,30.633812478298907
3,3,MOHP,GP-wide,-1,24.695823287993335,1.108089483223378,-27.780082477112877,29.435463538711502
3,3,WOHP,GP-wide,-1,27.008514749186663,0.9692365699742188,-30.408289500135965,31.913837561630004
3,3,EOHP,SINDy,-1,128.39913936151814,39.15995875650967,112.09999999999998,182.83333333333334
3,3,MOHP,SINDy,-1,0.8328147796588445,1.6684988069920235,-0.25140978359546295,3.859346032839298
3,3,WOHP,SINDy,-1,130.24507324574466,39.06315461323267,117.53333333333332,181.2
3,3,EOHP,PINN-const,2,0.8462346214916394,0.49666621043998394,-1.1414398193359574,1.4713322957356851
3,3,MOHP,PINN-const,2,0.798022646984196,1.1901973799441299,-0.12472890218099053,3.6702728271484375
3,3,WOHP,PINN-const,2,0.8740003870000566,0.6549609380391759,-0.6494898478190265,2.584982808430979
3,3,EOHP,PINN-const,3,0.8448324766885804,0.5076070811205708,-1.1413711547851761,1.4675175984700601
3,3,MOHP,PINN-const,3,0.7981412048760844,1.2060874707550657,-0.12909291585286553,3.666735839843753
3,3,WOHP,PINN-const,3,0.8792805463410518,0.6737077698014802,-0.654815165201839,2.594914754231759
3,3,EOHP,PINN-const,4,0.8453863424280408,0.5169126912412628,-1.1396392822265824,1.4711263020833414
3,3,MOHP,PINN-const,4,0.7968898884286867,1.2196104801121832,-0.12746785481770928,3.6652755737304688
3,3,WOHP,PINN-const,4,0.8781328981622101,0.6898643976026935,-0.657927958170589,2.589992268880202
3,3,EOHP,PINN-const,5,0.8419869602443232,0.48088701677718937,-1.1558212280273636,1.4470225016276146
3,3,MOHP,PINN-const,5,0.8069131306185663,1.1677525953694852,-0.14801381429036553,3.6670303344726562
3,3,WOHP,PINN-const,5,0.9035832227508518,0.6284382194104167,-0.660888163248714,2.652217610677077
3,3,EOHP,PINN-const,6,0.8443452828298865,0.5272210039252144,-1.1478179931640824,1.4565999348958414
3,3,MOHP,PINN-const,6,0.8008822458287117,1.2274116609749643,-0.13799641927083428,3.663356018066409
3,3,WOHP,PINN-const,6,0.8952592866720245,0.7037023556140841,-0.6657328287760578,2.6279050191243414
3,3,EOHP,PINN-const,7,0.8467172170852862,0.5001197271212865,-1.1373428344726761,1.4776875813802164
3,3,MOHP,PINN-const,7,0.7967946766908789,1.191810205113589,-0.12248586018880303,3.6687545776367188
3,3,WOHP,PINN-const,7,0.8666634124826785,0.6588475150613312,-0.6437601725260578,2.569936879475904
3,3,EOHP,PINN-const,8,0.8455309682544951,0.49896531625782514,-1.15866699218752,1.451777140299484
3,3,MOHP,PINN-const,8,0.8056306766164208,1.1913130457981225,-0.14617513020833428,3.665811157226557
3,3,WOHP,PINN-const,8,0.9056406531265982,0.6537727465774704,-0.664061991373714,2.655186971028634
3,3,EOHP,PINN-const,9,0.8414794726633016,0.5007655555435997,-1.1538223266601761,1.4470759073893333
3,3,MOHP,PINN-const,9,0.8052862118658547,1.196407301401164,-0.14752553304036553,3.6644302368164006
3,3,WOHP,PINN-const,9,0.9066862665834067,0.6596575993810254,-0.6664881388346515,2.6563451131184834
3,3,EOHP,PINN-state,2,1.5414521748991192,0.43631021339607134,-2.3849777221679886,2.62430013020834
3,3,MOHP,PINN-state,2,0.8217626578203252,0.9153588040173938,-0.15149281819661553,3.9583801269531307
3,3,WOHP,PINN-state,2,0.8521009852439458,0.3242167082064509,-1.0757975260416828,1.8586133321126184
3,3,EOHP,PINN-state,3,1.4939593924702266,0.4374226046737907,-2.3482879638672074,2.585899861653658
3,3,MOHP,PINN-state,3,0.853036119991986,0.9341174044924769,0.17412211100260322,4.142762756347651
3,3,WOHP,PINN-state,3,0.79451823823133,0.33138795030754903,-0.820739237467464,1.9535062154134053
3,3,EOHP,PINN-state,4,1.3144407694671827,0.3911699746645347,-1.9794830322265824,2.2213445027669394
3,3,MOHP,PINN-state,4,0.8588042740502332,0.9795257607207497,0.28611399332682197,4.138304138183599
3,3,WOHP,PINN-state,4,0.8382275671052668,0.35402976568909145,-0.9722132364909015,1.9324429829915246
3,3,EOHP,PINN-state,5,1.3705920110284895,0.4320075072512164,-2.144880676269551,2.3837315877278797
3,3,MOHP,PINN-state,5,0.8188750862770913,0.8969202683822197,0.09341837565104072,4.051933288574219
3,3,WOHP,PINN-state,5,0.9002029652030703,0.2994745730565562,-1.106170145670589,1.8946744283040289
3,3,EOHP,PINN-state,6,1.3667467532267807,0.4012157649345976,-2.07834472656252,2.319070943196621
3,3,MOHP,PINN-state,6,0.8683475657945917,0.9820664357780036,0.31090952555338447,4.154829406738287
3,3,WOHP,PINN-state,6,0.7963499188160265,0.36346270676846854,-0.894256083170589,1.8926175435383996
3,3,EOHP,PINN-state,7,1.2860584151633971,0.3809959192083227,-1.8614334106445511,2.103775533040377
3,3,MOHP,PINN-state,7,0.9293320942759321,0.9837054566820537,0.5486490885416657,4.234242248535153
3,3,WOHP,PINN-state,7,0.7487667061317659,0.34638441086096083,-0.8516459147135578,1.795081837971999
3,3,EOHP,PINN-state,8,1.2848678430785636,0.43810448210901565,-2.0046371459961136,2.244391377766945
3,3,MOHP,PINN-state,8,0.7949183406476303,0.8540216201808318,-0.02808736165364678,3.9811630249023438
3,3,WOHP,PINN-state,8,0.8604303589586665,0.2819713734969981,-0.9471354166666828,1.9336087544759053
3,3,EOHP,PINN-state,9,1.4180844190444357,0.43103431358396915,-2.2262176513672074,2.4651738484700587
3,3,MOHP,PINN-state,9,0.8389088691611575,0.8895510026903375,-0.5256001790364593,3.8610549926757756
3,3,WOHP,PINN-state,9,0.9488541813561204,0.32197570429087646,-1.1834253946940265,1.9950154622395715
3,3,EOHP,PINN-const-df,0,0.8448856586221609,0.5854819930011085,-1.0969833374023636,1.5130193074544351
3,3,MOHP,PINN-const-df,0,0.8140170386189592,1.0745381664019331,-0.15255330403645928,3.6872573852539006
3,3,WOHP,PINN-const-df,0,0.872314715071126,0.6152086974588821,-0.654845682779964,2.5781621297200417
3,3,EOHP,PINN-const-df,1,0.830453156428904,0.548268104636507,-1.11069335937502,1.4607617696126383
3,3,MOHP,PINN-const-df,1,0.8320250279400266,1.0385826061496917,-0.17818806966145928,3.6882125854492216
3,3,WOHP,PINN-const-df,1,0.9037421605842014,0.5937622610265533,-0.669127909342464,2.648275502522779
3,3,EOHP,PINN-const-df,2,0.8457929550735703,0.5639338553878088,-1.0889877319336136,1.5245587666829508
3,3,MOHP,PINN-const-df,2,0.8150270091790967,1.0395116123670933,-0.14961598714192803,3.692857360839838
3,3,WOHP,PINN-const-df,2,0.8642773271653832,0.5711241224907019,-0.642760721842464,2.5655507405598854
3,3,EOHP,PINN-kTe,0,0.6954604156851796,0.476105268849483,-0.8285659790039261,1.417266591389982
3,3,MOHP,PINN-kTe,0,1.6380223848637925,1.2493936123730858,2.0629007975260407,5.074821472167969
3,3,WOHP,PINN-kTe,0,1.218502253778636,0.6949745282086072,1.3454671223958172,2.2300267537434806
3,3,EOHP,PINN-kTe,1,0.6637849271144621,0.48922732220310833,-0.7649826049804886,1.3947179158528726
3,3,MOHP,PINN-kTe,1,1.6486526943731175,1.259671883016134,2.0764811197916657,5.087739562988276
3,3,WOHP,PINN-kTe,1,1.235156704055454,0.7126511430735094,1.359222920735661,2.257172139485668
3,3,EOHP,PINN-kTe,2,0.681819693491774,0.45070017103192317,-0.8176330566406449,1.3927647908528726
3,3,MOHP,PINN-kTe,2,1.682161945174086,1.2276465801554708,2.1267664591471345,5.128411865234369
3,3,WOHP,PINN-kTe,2,1.2415105897524492,0.6569649838275158,1.3603902180989422,2.2670094807942647
3,3,EOHP,GRU,0,6.367850464232241,0.7847011413828064,-9.828544870121775,9.978091393644021
3,3,MOHP,GRU,0,4.284854924380213,0.9580980629851416,-6.322742937467169,8.178641968273835
3,3,WOHP,GRU,0,4.351744210510534,0.9858819672828414,-6.296957337837938,7.724941461141038
3,3,EOHP,GRU,1,6.2651278235288075,0.6967734429267893,-9.959729405640147,10.171647506134178
3,3,MOHP,GRU,1,4.845480755378938,0.9842677930066014,-7.433886171275034,7.684593600093052
3,3,WOHP,GRU,1,5.106337438652068,1.0006523475103017,-7.396117222966723,7.640496538030691
3,3,EOHP,GRU,2,5.380934365379124,0.5953781281356157,-8.243619282724424,8.642716884913568
3,3,MOHP,GRU,2,4.256623863756123,0.9486495071279665,-6.1304175258475055,7.271258658406881
3,3,WOHP,GRU,2,4.0792839528389555,0.9333189276639745,-5.574258726977831,7.204237392757511
3,3,EOHP,Trivial,-1,1.4223950128864036,,1.3140673891242614,3.6331692290036273
3,3,MOHP,Trivial,-1,3.2832156732907327,,3.773180733103942,6.884597290218281
3,3,WOHP,Trivial,-1,3.8078051170153104,,4.181051691566864,6.232851593227696
3,3,EOHP,Ridge-linear,-1,4.016956250180888,1.2282265144059374,-4.188932512825772,5.5642618240718065
3,3,MOHP,Ridge-linear,-1,2.4295021662424423,0.6511400961819033,-1.7697148898254085,5.741499927109196
3,3,WOHP,Ridge-linear,-1,1.5320438082768897,0.8409012130736437,-1.4067474954414365,2.3712248038374355
3,3,EOHP,One-node,-1,0.6810285727811041,,-0.7820466749721504,1.4205721524407835
3,3,MOHP,One-node,-1,0.8701963895094901,,0.41946758926910377,4.112712445554479
3,3,WOHP,One-node,-1,0.5791033106857864,,0.1313013123767206,1.6985437687835656
3,3,EOHP,Linear-SS,-1,0.43911784316457003,0.7676150153920958,-0.2211598521641207,1.6436500603832798
3,3,MOHP,Linear-SS,-1,0.9692521531481978,0.5892584262092386,0.6570371021214072,4.318466041487511
3,3,WOHP,Linear-SS,-1,0.6442241436376286,0.8572435496339953,-0.7014908654966945,1.0996368432884935
