,,rmse_Te,rmse_Te,rmse_Te,rmse_Tc,rmse_Tc,rmse_Tc
,,mean,std,count,mean,std,count
fold,method,,,,,,
1,GP,0.77,,1,0.205,,1
1,GP-wide,0.582,,1,0.206,,1
1,GRU,0.775,0.111,3,0.676,0.08,3
1,Linear-SS,0.279,,1,0.225,,1
1,MLP,3.93,,1,0.472,,1
1,ODE-shoot,0.411,,1,0.2,,1
1,One-node,0.387,,1,,,0
1,PINN-const,0.455,0.007,10,0.291,0.003,10
1,PINN-const-df,0.448,0.008,3,0.277,0.001,3
1,PINN-kTe,0.424,0.004,3,0.263,0.0,3
1,PINN-state,0.691,0.025,10,0.348,0.011,10
1,Ridge-linear,2.24,,1,1.043,,1
1,SINDy,0.651,,1,0.326,,1
1,Trivial,1.872,,1,,,0
2,GP,0.711,,1,0.411,,1
2,GP-wide,0.742,,1,0.409,,1
2,GRU,0.688,0.218,3,0.548,0.054,3
2,Linear-SS,0.299,,1,0.325,,1
2,MLP,5.976,,1,0.408,,1
2,ODE-shoot,0.256,,1,0.322,,1
2,One-node,0.243,,1,,,0
2,PINN-const,0.353,0.014,10,0.312,0.001,10
2,PINN-const-df,0.342,0.006,3,0.315,0.001,3
2,PINN-kTe,0.349,0.008,3,0.292,0.0,3
2,PINN-state,0.474,0.038,10,0.391,0.013,10
2,Ridge-linear,5.783,,1,1.989,,1
2,SINDy,1.186,,1,0.989,,1
2,Trivial,0.817,,1,,,0
3,GP,25.795,,1,0.822,,1
3,GP-wide,25.809,,1,0.823,,1
3,GRU,4.993,0.417,3,0.876,0.045,3
3,Linear-SS,0.684,,1,0.738,,1
3,MLP,23.538,,1,1.535,,1
3,ODE-shoot,0.726,,1,0.65,,1
3,One-node,0.71,,1,,,0
3,PINN-const,0.846,0.007,10,0.792,0.018,10
3,PINN-const-df,0.847,0.007,3,0.737,0.019,3
3,PINN-kTe,1.189,0.011,3,0.802,0.021,3
3,PINN-state,1.029,0.037,10,0.561,0.019,10
3,Ridge-linear,2.66,,1,0.907,,1
3,SINDy,86.492,,1,26.631,,1
3,Trivial,2.838,,1,,,0
