variant,case,fluid,Tset,delivery_Te,dev_mae,dev_max,ripple,settle_s,lag_K
rate x0.5,A_ramp60_tau150,EOHP,60.0,57.18680563942488,2.8131943605751126,2.8260575445407667,0.018978608772187044,837.0,2.813194224112873
rate x0.5,A_ramp60_tau150,MOHP,60.0,55.06020889782723,4.939791102172769,4.98466787409663,0.0613465048372035,1015.0,4.93979096571053
rate x0.5,A_ramp60_tau150,WOHP,60.0,54.07923072779527,5.920769272204728,5.993328324460926,0.096781133984436,1096.0,5.920769135742487
rate x0.5,A_ramp60_tau300,EOHP,60.0,57.169645118220686,2.830354881779312,3.0130109486634993,0.20530724929028565,1305.0,2.830299828982495
rate x0.5,A_ramp60_tau300,MOHP,60.0,55.026042812934364,4.973957187065637,5.249080486556764,0.3242321989188639,1427.0,4.97390213426882
rate x0.5,A_ramp60_tau300,WOHP,60.0,54.03494709904317,5.965052900956828,6.299293171168252,0.4006456714122919,1486.0,5.964997848160012
rate x0.5,A_ramp60_tau600,EOHP,60.0,56.97066301723146,3.0293369827685512,5.317921601361931,2.5086712343618274,1942.0,3.028231217785367
rate x0.5,A_ramp60_tau600,MOHP,60.0,54.72909871416073,5.270901285839266,7.692758329426034,2.763774600190466,2022.0,5.269795520856082
rate x0.5,A_ramp60_tau600,WOHP,60.0,53.694029943585235,6.305970056414759,8.793028627871493,2.888278824898123,2062.0,6.304864291431574
rate x0.5,B_cyc60,EOHP,60.0,42.2627175655713,17.73728243442869,32.20208957417822,28.93651126550212,,1.7325031020575818
rate x0.5,B_cyc60,MOHP,60.0,40.957555503953174,19.042444496046823,31.619390451291327,25.15840042103076,,3.0376651636757166
rate x0.5,B_cyc60,WOHP,60.0,40.35754140744455,19.642458592555446,31.383627686707907,23.485661529741837,,3.637679260184339
rate x0.5,C_slug60,EOHP,60.0,57.38227564752314,2.617724352476864,3.0130109486634993,1.620437270340851,,2.8555521478082944
rate x0.5,C_slug60,MOHP,60.0,55.21539134193923,4.784608658060761,5.249080486556764,1.1651641825835028,,5.02243645339219
rate x0.5,C_slug60,WOHP,60.0,54.211258579642084,5.788741420357925,6.299293171168252,1.036843388030917,,6.0265692156893556
rate x0.5,A_ramp75_tau150,EOHP,75.0,71.17983377530241,3.82016622469758,3.8374282644364683,0.02542027023937976,896.0,3.820166037062
rate x0.5,A_ramp75_tau150,MOHP,75.0,68.2919733789144,6.70802662108559,6.7689189164470775,0.08305212203407564,1090.0,6.7080264334500095
rate x0.5,A_ramp75_tau150,WOHP,75.0,66.9597829178775,8.040217082122503,8.139005643121578,0.13149535252399858,1180.0,8.040216894486923
rate x0.5,A_ramp75_tau300,EOHP,75.0,71.15623808121543,3.843761918784561,4.094489262749718,0.2816222611194661,1403.0,3.843686221188938
rate x0.5,A_ramp75_tau300,MOHP,75.0,68.2449950240831,6.755004975916902,7.13248624128741,0.4445197219028074,1531.0,6.754929278321279
rate x0.5,A_ramp75_tau300,WOHP,75.0,66.89889295572478,8.101107044275224,8.559707216190972,0.5493089683975967,1594.0,8.1010313466796
rate x0.5,A_ramp75_tau600,EOHP,75.0,70.88263775983874,4.117362240161262,7.263741122442056,3.448747326930615,1992.0,4.115841813309384
rate x0.5,A_ramp75_tau600,MOHP,75.0,67.8366969279182,7.163303072081808,10.492543205424894,3.7988906170551076,2093.0,7.16178264522993
rate x0.5,A_ramp75_tau600,WOHP,75.0,66.43013179352614,8.569868206473862,11.988593649914648,3.9698046520348953,2141.0,8.568347779621982
rate x0.5,B_cyc75,EOHP,75.0,49.25918106274225,25.740818937257746,45.915137830966444,40.358456864992135,,2.2341540382782417
rate x0.5,B_cyc75,MOHP,75.0,47.57611293672519,27.42388706327481,44.964830909118334,35.088587438532514,,3.9172221642953082
rate x0.5,B_cyc75,WOHP,75.0,46.80236809626324,28.19763190373676,44.57272314685794,32.75534281592509,,4.6909670047572565
rate x0.5,C_slug75,EOHP,75.0,71.36552783358331,3.634472166416677,4.094489262749718,1.6410148798797906,,3.872270476194856
rate x0.5,C_slug75,MOHP,75.0,68.42714306508934,6.572856934910657,7.13248624128741,1.189638585473105,,6.810655244688836
rate x0.5,C_slug75,WOHP,75.0,67.06546420387676,7.934535796123241,8.559707216190972,1.0645413321132082,,8.17233410590142
rate x0.5,A_ramp90_tau150,EOHP,90.0,85.17286194336016,4.827138056639849,4.848798626529316,0.031861475358354596,940.0,4.82713781783093
rate x0.5,A_ramp90_tau150,MOHP,90.0,81.52373780535821,8.476262194641787,8.553169698589997,0.10475727605299312,1148.0,8.476261955832866
rate x0.5,A_ramp90_tau150,WOHP,90.0,79.84033511120941,10.159664888790582,10.284682765273203,0.16620914389692132,1245.0,10.15966464998166
rate x0.5,A_ramp90_tau300,EOHP,90.0,85.1428310351429,4.857168964857094,5.1759670669852795,0.35793657414605207,1478.0,4.857072622462666
rate x0.5,A_ramp90_tau300,MOHP,90.0,81.46394726944953,8.536052730550459,9.015891686353257,0.5648071120185421,1610.0,8.535956388156029
rate x0.5,A_ramp90_tau300,WOHP,90.0,79.7628388176825,10.237161182317493,10.820121331799896,0.6979722144700276,1676.0,10.237064839923065
rate x0.5,A_ramp90_tau600,EOHP,90.0,84.79461230984899,5.20538769015101,9.209560785985772,4.3888235952086205,2029.0,5.2034526014304365
rate x0.5,A_ramp90_tau600,MOHP,90.0,80.94429506693774,9.055704933062263,13.292328001717934,4.8340065932525675,2146.0,9.05376984434169
rate x0.5,A_ramp90_tau600,WOHP,90.0,79.166233789655,10.833766210345004,15.184158626594424,5.0513304608563345,2201.0,10.83183112162443
rate x0.5,B_cyc90,EOHP,90.0,56.25564459343282,33.74435540656718,59.62818600034624,51.780402283339264,,2.7358049409792815
rate x0.5,B_cyc90,MOHP,90.0,54.194670350218516,35.80532964978148,58.31027122652932,45.01877413519328,,4.796779184193581
rate x0.5,B_cyc90,WOHP,90.0,53.247194740274026,36.752805259725974,57.76181849423062,42.025023612426644,,5.744254794138076
rate x0.5,C_slug90,EOHP,90.0,85.34877997188758,4.651220028112426,5.1759670669852795,1.6618627427766626,,4.888988852337354
rate x0.5,C_slug90,MOHP,90.0,81.63889473576393,8.361105264236066,9.015891686353257,1.2141812524448596,,8.598874088460992
rate x0.5,C_slug90,WOHP,90.0,79.91966978171455,10.080330218285441,10.820121331799896,1.0922966990620182,,10.318099042510367
rate x1,A_ramp60_tau150,EOHP,60.0,57.23852212700833,2.761477872991669,2.777776278652283,0.025559048478804414,661.0,2.7614777365294287
rate x1,A_ramp60_tau150,MOHP,60.0,55.170410134944156,4.829589865055846,4.864692271027401,0.05512743629505934,732.0,4.829589728593607
rate x1,A_ramp60_tau150,WOHP,60.0,54.21942138716566,5.780578612834343,5.8252470650672805,0.0701159934202309,767.0,5.780578476372103
rate x1,A_ramp60_tau300,EOHP,60.0,57.230667352330585,2.7693326476694162,2.9063010209357714,0.1530695774901929,1191.0,2.7692775948726003
rate x1,A_ramp60_tau300,MOHP,60.0,55.15672367725042,4.843276322749583,5.010648298348897,0.19887434815375826,1237.0,4.843221269952767
rate x1,A_ramp60_tau300,WOHP,60.0,54.20282611807931,5.7971738819206955,5.979953818682837,0.2220108720162628,1259.0,5.797118829123879
rate x1,A_ramp60_tau600,EOHP,60.0,57.13875052631988,2.8612494736801186,4.919475092707835,2.1637370381504724,1861.0,2.8601437086969344
rate x1,A_ramp60_tau600,MOHP,60.0,55.023848176891505,4.976151823108491,7.031397226635349,2.21415043373905,1890.0,4.975046058125306
rate x1,A_ramp60_tau600,WOHP,60.0,54.05213620564646,5.9478637943535295,8.000211990477332,2.2352988546092547,1903.0,5.946758029370345
rate x1,B_cyc60,EOHP,60.0,42.297314456670364,17.702685543329636,33.17649032645089,30.954576197002783,,1.6979062109585306
rate x1,B_cyc60,MOHP,60.0,41.02915866413367,18.97084133586633,33.270593756654435,28.604055069076544,,2.9660620034952196
rate x1,B_cyc60,WOHP,60.0,40.44644635376125,19.553553646238754,33.30795922978237,27.512187090236708,,3.5487743138676433
rate x1,C_slug60,EOHP,60.0,57.44671310990847,2.5532868900915315,2.9063010209357714,2.8060254640877247,,2.791114685422962
rate x1,C_slug60,MOHP,60.0,55.35525118869459,4.644748811305406,5.010648298348897,2.0449252302448144,,4.882576606636835
rate x1,C_slug60,WOHP,60.0,54.393052274547486,5.60694772545252,5.979953818682837,1.8133938579509632,,5.84477552078395
rate x1,A_ramp75_tau150,EOHP,75.0,71.2500283602454,3.7499716397546012,3.771894083319623,0.03437116742134094,713.0,3.7499714521190213
rate x1,A_ramp75_tau150,MOHP,75.0,68.44159065952576,6.558409340474243,6.605734292922136,0.07431316872438742,791.0,6.558409152838664
rate x1,A_ramp75_tau150,WOHP,75.0,67.15016924001746,7.849830759982543,7.910093358407536,0.0945818430436276,830.0,7.849830572346964
rate x1,A_ramp75_tau300,EOHP,75.0,71.23922787168414,3.7607721283158626,3.948616129171512,0.209698808689879,1290.0,3.7606964307202397
rate x1,A_ramp75_tau300,MOHP,75.0,68.42277190654205,6.5772280934579435,6.80642399300514,0.27196528265885433,1341.0,6.5771523958623215
rate x1,A_ramp75_tau300,WOHP,75.0,67.12735072332764,7.872649276672368,8.12281514785694,0.3034372615315277,1366.0,7.872573579076745
rate x1,A_ramp75_tau600,EOHP,75.0,71.11284231880104,3.887157681198958,6.716729729649728,2.974365811173911,1886.0,3.88563725434708
rate x1,A_ramp75_tau600,MOHP,75.0,68.24006809497142,6.759931905028579,9.584953451897704,3.0429694056511067,1927.0,6.758411478176701
rate x1,A_ramp75_tau600,WOHP,75.0,66.92015218039123,8.079847819608771,10.900670015835146,3.071708041553734,1945.0,8.078327392756893
rate x1,B_cyc75,EOHP,75.0,49.303773998295625,25.69622600170437,47.2777368801373,43.17300506991644,,2.1895611027248725
rate x1,B_cyc75,MOHP,75.0,47.668411526267136,27.331588473732864,47.275221644765054,39.894149761025915,,3.8249235747533605
rate x1,B_cyc75,WOHP,75.0,46.91697076582348,28.08302923417653,47.26585877599415,38.371036670248415,,4.576364335197026
rate x1,C_slug75,EOHP,75.0,71.45311527984671,3.5468847201532943,3.948616129171512,2.8284927165756812,,3.784683029931473
rate x1,C_slug75,MOHP,75.0,68.6171399936639,6.382860006336103,6.80642399300514,2.0653745320935855,,6.620658316114281
rate x1,C_slug75,WOHP,75.0,67.31241162571934,7.687588374280667,8.12281514785694,1.8332645626117738,,7.925386684058847
rate x1,A_ramp90_tau150,EOHP,90.0,85.26153443404925,4.738465565950739,4.766011933602044,0.043183701733767066,753.0,4.73846532714182
rate x1,A_ramp90_tau150,MOHP,90.0,81.71277133953623,8.287228660463766,8.346776255523082,0.09349869688368528,837.0,8.287228421654847
rate x1,A_ramp90_tau150,WOHP,90.0,80.08091705111794,9.91908294888206,9.994939189404377,0.1190468991793523,880.0,9.919082710073141
rate x1,A_ramp90_tau300,EOHP,90.0,85.24778858620745,4.752211413792548,4.990930182374271,0.2663270495832819,1366.0,4.752115071398118
rate x1,A_ramp90_tau300,MOHP,90.0,81.6888200858485,8.311179914151491,8.602199060202338,0.34505563850207466,1421.0,8.311083571757061
rate x1,A_ramp90_tau300,WOHP,90.0,80.05187530671421,9.948124693285799,10.265675979821566,0.38486292585744764,1448.0,9.948028350891367
rate x1,A_ramp90_tau600,EOHP,90.0,85.08693411991818,4.913065880081821,8.513984950938436,3.784995519866243,1906.0,4.91113079136125
rate x1,A_ramp90_tau600,MOHP,90.0,81.45628787608325,8.54371212391676,12.138509865656275,3.871788584937491,1955.0,8.541777035196189
rate x1,A_ramp90_tau600,WOHP,90.0,79.78816800872484,10.21183199127516,13.801127839193256,3.9081168348591007,1978.0,10.20989690255459
rate x1,B_cyc90,EOHP,90.0,56.31023348575675,33.68976651424325,61.37898338425046,55.39143388221645,,2.6812160486553553
rate x1,B_cyc90,MOHP,90.0,54.30766437880322,35.69233562119679,61.27984938359202,51.18424391342914,,4.683785155608892
rate x1,B_cyc90,WOHP,90.0,53.38749514020628,36.61250485979372,61.22375833910564,49.2298859473474,,5.603954394205819
rate x1,C_slug90,EOHP,90.0,85.45951751898019,4.540482481019813,4.990930182374271,2.8509593550115255,,4.778251305244741
rate x1,C_slug90,MOHP,90.0,81.87902890425192,8.120971095748075,8.602199060202338,2.085823596765593,,8.358739919973003
rate x1,C_slug90,WOHP,90.0,80.2317710054265,9.768228994573503,10.265675979821566,1.853213891387,,10.00599781879843
rate x2,A_ramp60_tau150,EOHP,60.0,57.33643501696262,2.6635649830373866,2.6906332091506826,0.042352791875586604,611.0,2.6635648465751465
rate x2,A_ramp60_tau150,MOHP,60.0,55.3718732797346,4.628126720265398,4.684260911541067,0.0877578668296124,654.0,4.628126583803158
rate x2,A_ramp60_tau150,WOHP,60.0,54.469282760514425,5.530717239485577,5.6008909780067455,0.1096769360203993,676.0,5.530717103023337
rate x2,A_ramp60_tau300,EOHP,60.0,57.32965734076428,2.670342659235717,2.80548471538345,0.15551737571765756,1158.0,2.6702876064389
rate x2,A_ramp60_tau300,MOHP,60.0,55.359254126444746,4.640745873555244,4.809787163316919,0.20979505653186692,1194.0,4.640690820758427
rate x2,A_ramp60_tau300,WOHP,60.0,54.45388921156311,5.546110788436888,5.731387485284529,0.23581486071143587,1212.0,5.546055735640071
rate x2,A_ramp60_tau600,EOHP,60.0,57.27779831820277,2.7222016817972396,4.703453928794943,2.049258803327824,1830.0,2.7210959168140554
rate x2,A_ramp60_tau600,MOHP,60.0,55.28086413871631,4.719135861283694,6.6741111015044865,2.065330155193962,1844.0,4.7180300963005095
rate x2,A_ramp60_tau600,WOHP,60.0,54.36385462227069,5.636145377729311,7.57817328985162,2.0716088910897454,1850.0,5.635039612746126
rate x2,B_cyc60,EOHP,60.0,42.36304039623107,17.636959603768933,33.437258401963156,31.606890318915184,,1.6321802713978228
rate x2,B_cyc60,MOHP,60.0,41.16358007111641,18.83641992888359,33.66486814230061,29.66016023947551,,2.8316405965124836
rate x2,B_cyc60,WOHP,60.0,40.612829141054235,19.387170858945762,33.77070734242419,28.768905473872984,,3.382391526574658
rate x2,C_slug60,EOHP,60.0,57.54486318525664,2.52022974346548,2.80548471538345,4.491389152904347,,2.692964610074782
rate x2,C_slug60,MOHP,60.0,55.55578339185899,4.444216608141018,4.809787163316919,3.420090594639369,,4.682044403472449
rate x2,C_slug60,WOHP,60.0,54.641683330457475,5.358316669542521,5.731387485284529,3.072531542430305,,5.596144464873952
rate x2,A_ramp75_tau150,EOHP,75.0,71.38294597307946,3.6170540269205436,3.6536457149001933,0.057249948382235516,667.0,3.617053839284963
rate x2,A_ramp75_tau150,MOHP,75.0,68.71508157753321,6.284918422466782,6.360894037953798,0.1187732157605268,720.0,6.284918234831201
rate x2,A_ramp75_tau150,WOHP,75.0,67.48936319451592,7.510636805484083,7.6056434342172565,0.14848572636643098,748.0,7.510636617848504
rate x2,A_ramp75_tau300,EOHP,75.0,71.37362672356842,3.6263732764315746,3.8115671963896745,0.21285194034365418,1261.0,3.6262975788359517
rate x2,A_ramp75_tau300,MOHP,75.0,68.69773038030199,6.302269619698005,6.5334928022153775,0.2865744816762543,1306.0,6.302193922102382
rate x2,A_ramp75_tau300,WOHP,75.0,67.46819696232937,7.531803037670627,7.785076868060557,0.3219257468976906,1328.0,7.531727340075005
rate x2,A_ramp75_tau600,EOHP,75.0,71.30232039266662,3.697679607333386,6.4212737408235085,2.8167451918128563,1843.0,3.696159180481508
rate x2,A_ramp75_tau600,MOHP,75.0,68.58994405779117,6.41005594220883,9.096937432923895,2.8379345722496936,1863.0,6.408535515356951
rate x2,A_ramp75_tau600,WOHP,75.0,67.34439938152627,7.655600618473724,10.324406889538963,2.846142447243011,1874.0,7.654080191621847
rate x2,B_cyc75,EOHP,75.0,49.38853935177029,25.611460648229702,47.64818036009086,44.08260294174161,,2.104795749250202
rate x2,B_cyc75,MOHP,75.0,47.84177258802416,27.15822741197583,47.83894896111438,41.3667562416137,,3.651562512996329
rate x2,B_cyc75,WOHP,75.0,47.13155122718276,27.868448772817242,47.9283875417117,40.12337180646155,,4.36178387383774
rate x2,C_slug75,EOHP,75.0,71.58622279585157,3.430188679303489,3.8115671963896745,4.520001439998552,,3.6515755139266193
rate x2,C_slug75,MOHP,75.0,68.88906164551766,6.110938354482344,6.5334928022153775,3.4452476054429866,,6.348736664260523
rate x2,C_slug75,WOHP,75.0,67.64955023339502,7.350449766604989,7.785076868060557,3.0968626178801344,,7.588248076383166
rate x2,A_ramp90_tau150,EOHP,90.0,85.42945685022903,4.570543149770963,4.616657917620628,0.07214817156385323,710.0,4.570542910962044
rate x2,A_ramp90_tau150,MOHP,90.0,82.05828995593338,7.941710044066626,8.037526859048015,0.1497884293396936,775.0,7.941709805257707
rate x2,A_ramp90_tau150,WOHP,90.0,80.50944345457525,9.490556545424742,9.610396114798817,0.18729404360057345,811.0,9.490556306615822
rate x2,A_ramp90_tau300,EOHP,90.0,85.41759594156682,4.5824040584331796,4.817648366675769,0.2701852396128288,1340.0,4.58230771603875
rate x2,A_ramp90_tau300,MOHP,90.0,82.03620650864636,7.963793491353646,8.257197370597439,0.3633529593548275,1393.0,7.963697148959216
rate x2,A_ramp90_tau300,WOHP,90.0,80.48250477839149,9.517495221608517,9.83876547481242,0.40803635368754954,1420.0,9.517398879214088
rate x2,A_ramp90_tau600,EOHP,90.0,85.32684261682066,4.673157383179339,8.139093902427803,3.584232003738606,1853.0,4.671222294458767
rate x2,A_ramp90_tau600,MOHP,90.0,81.89902394654106,8.100976053458938,11.519763873695709,3.6105390513936158,1879.0,8.099040964738364
rate x2,A_ramp90_tau600,WOHP,90.0,80.32494416964694,9.675055830353038,13.07064072492841,3.6206758047142102,1892.0,9.673120741632466
rate x2,B_cyc90,EOHP,90.0,56.41403832194358,33.58596167805642,61.85910222597873,56.558315089127746,,2.577411212468525
rate x2,B_cyc90,MOHP,90.0,54.519965056739935,35.480034943260065,62.013029699679386,53.07335181984458,,4.471484477672165
rate x2,B_cyc90,WOHP,90.0,53.650273224340246,36.349726775659754,62.0860676724309,51.47783765274394,,5.3411763100718535
rate x2,C_slug90,EOHP,90.0,85.62758240433605,4.372417595663933,4.817648366675769,4.548613018045842,,4.61018641988886
rate x2,C_slug90,MOHP,90.0,82.22234001023477,7.7776599897652305,8.257197370597439,3.470403877397345,,8.015428813990157
rate x2,C_slug90,WOHP,90.0,80.65741714929146,9.342582850708538,9.83876547481242,3.121193192899213,,9.580351674933464
loo-1,A_ramp60_tau150,EOHP,60.0,57.38923320622284,2.610766793777164,2.6264257120589036,0.02462253409126447,657.0,2.610766657314924
loo-1,A_ramp60_tau150,MOHP,60.0,55.18226684902834,4.817733150971664,4.853448354367487,0.05623973036811947,739.0,4.817733014509424
loo-1,A_ramp60_tau150,WOHP,60.0,54.23108630787678,5.768913692123222,5.814428972934067,0.07162328188606892,775.0,5.768913555660982
loo-1,A_ramp60_tau300,EOHP,60.0,57.38167606560407,2.6183239343959306,2.753973818248383,0.1511881463229514,1188.0,2.6182688815991138
loo-1,A_ramp60_tau300,MOHP,60.0,55.16819902940785,4.831800970592149,5.001358985629295,0.20188262686133385,1241.0,4.831745917795333
loo-1,A_ramp60_tau300,WOHP,60.0,54.214002631527194,5.785997368472809,5.971584404973903,0.22588880173858428,1265.0,5.785942315675992
loo-1,A_ramp60_tau600,EOHP,60.0,57.29248218128379,2.7075178187162114,4.766815125670568,2.1616142615675784,1859.0,2.706412053733027
loo-1,A_ramp60_tau600,MOHP,60.0,55.031559366535284,4.968440633464718,7.032633859780681,2.2275685009855763,1893.0,4.967334868481533
loo-1,A_ramp60_tau600,WOHP,60.0,54.05895715709723,5.941042842902763,8.003755028359592,2.250933517391502,1907.0,5.939937077919579
loo-1,B_cyc60,EOHP,60.0,42.390478139617436,17.60952186038256,33.16557327411523,31.11912980729992,,1.6047425280114542
loo-1,B_cyc60,MOHP,60.0,41.03753887478281,18.96246112521719,33.234064639934,28.547576761183507,,2.95768179284608
loo-1,B_cyc60,WOHP,60.0,40.454981369727605,19.5450186302724,33.264184760084916,27.441477463502817,,3.540239297901289
loo-1,C_slug60,EOHP,60.0,57.59879903542366,2.402924592287635,2.753973818248383,2.878665850187353,,2.6390287599077604
loo-1,C_slug60,MOHP,60.0,55.366488320472186,4.633511679527814,5.001358985629295,2.004580421373248,,4.871339474859244
loo-1,C_slug60,WOHP,60.0,54.4038966921094,5.596103307890602,5.971584404973903,1.7767580219855077,,5.8339311032220325
loo-1,A_ramp75_tau150,EOHP,75.0,71.45448343133585,3.545516568664156,3.566553111673173,0.033071020618137936,709.0,3.545516381028576
loo-1,A_ramp75_tau150,MOHP,75.0,68.45731568301655,6.542684316983459,6.59078832552764,0.07573702807208349,798.0,6.5426841293478795
loo-1,A_ramp75_tau150,WOHP,75.0,67.16555967809013,7.834440321909858,7.895788629694451,0.09652419139931112,838.0,7.834440134274279
loo-1,A_ramp75_tau300,EOHP,75.0,71.4440924415849,3.555907558415107,3.741932139305291,0.2070991154759554,1288.0,3.5558318608194837
loo-1,A_ramp75_tau300,MOHP,75.0,68.43797238983942,6.56202761016059,6.794165399856979,0.27599572452425036,1346.0,6.561951912564966
loo-1,A_ramp75_tau300,WOHP,75.0,67.14206964210348,7.857930357896521,8.111877502912378,0.3086394686252163,1371.0,7.857854660300899
loo-1,A_ramp75_tau600,EOHP,75.0,71.32145075451103,3.678549245488965,6.50958844615748,2.9714344590902755,1884.0,3.677028818637087
loo-1,A_ramp75_tau600,MOHP,75.0,68.25009286603417,6.749907133965834,9.58716805399547,3.0613137645025006,1931.0,6.748386707113956
loo-1,A_ramp75_tau600,WOHP,75.0,66.92888211420701,8.071117885792992,10.906112128208775,3.0930759285886467,1950.0,8.069597458941114
loo-1,B_cyc75,EOHP,75.0,49.42372872475084,25.57627127524916,47.27249325185166,43.402511490896856,,2.06960637626966
loo-1,B_cyc75,MOHP,75.0,47.678877061531594,27.321122938468406,47.22545092129895,39.815317116444994,,3.8144580394889034
loo-1,B_cyc75,WOHP,75.0,46.927568955769786,28.072431044230225,47.20605442218959,38.272339482791686,,4.565766145250718
loo-1,C_slug75,EOHP,75.0,71.65914020069482,3.3408597993051865,3.741932139305291,2.901432434096918,,3.5786581090833653
loo-1,C_slug75,MOHP,75.0,68.63200544354652,6.3679945564534925,6.794165399856979,2.024932841459915,,6.605792866231671
loo-1,C_slug75,WOHP,75.0,67.32667138476043,7.67332861523956,8.111877502912378,1.796682991087394,,7.911126925017739
loo-1,A_ramp90_tau150,EOHP,90.0,85.51973363168743,4.480266368312562,4.506680440138467,0.041519196083001475,748.0,4.480266129503642
loo-1,A_ramp90_tau150,MOHP,90.0,81.73236446081089,8.267635539189104,8.32812785252473,0.09523392344473791,844.0,8.267635300380185
loo-1,A_ramp90_tau150,WOHP,90.0,80.10003307651837,9.899966923481612,9.977148407953834,0.12142541383687444,889.0,9.899966684672693
loo-1,A_ramp90_tau300,EOHP,90.0,85.5065087363505,4.493491263649493,4.729889426031306,0.2630090409267467,1363.0,4.493394921255065
loo-1,A_ramp90_tau300,MOHP,90.0,81.70774572736796,8.29225427263203,8.586971559988797,0.3501086905596935,1426.0,8.292157930237602
loo-1,A_ramp90_tau300,WOHP,90.0,80.0701365203158,9.92986347968419,10.252170543031212,0.39138986667005327,1454.0,9.92976713728976
loo-1,A_ramp90_tau600,EOHP,90.0,85.350419361917,4.64958063808299,8.252361668991526,3.7812543784580157,1902.0,4.647645549362418
loo-1,A_ramp90_tau600,MOHP,90.0,81.46862637813571,8.531373621864278,12.14170253059531,3.8950591484704233,1960.0,8.529438533143706
loo-1,A_ramp90_tau600,WOHP,90.0,79.79880698229968,10.201193017700318,13.808469133839708,3.9352182957032937,1984.0,10.199257928979746
loo-1,B_cyc90,EOHP,90.0,56.45697926120479,33.54302073879521,61.379413182614186,55.68589291861288,,2.5344702732073143
loo-1,B_cyc90,MOHP,90.0,54.320215192888114,35.679784807111886,61.21683717526814,51.0830572604509,,4.671234341523992
loo-1,B_cyc90,WOHP,90.0,53.40015650340004,36.59984349659996,61.147924039629395,49.10320141531219,,5.591293031012062
loo-1,C_slug90,EOHP,90.0,85.71948139207879,4.280518607921215,4.729889426031306,2.9241986436148864,,4.518287432146143
loo-1,C_slug90,MOHP,90.0,81.89752262529477,8.102477374705222,8.586971559988797,2.0452849715948247,,8.340246198930148
loo-1,C_slug90,WOHP,90.0,80.24944607215336,9.750553927846644,10.252170543031212,1.816827413936494,,9.98832275207157
loo-2,A_ramp60_tau150,EOHP,60.0,57.24351501506494,2.7564849849350623,2.77359362090165,0.02712805817529329,663.0,2.756484848472822
loo-2,A_ramp60_tau150,MOHP,60.0,55.19946154605295,4.8005384539470475,4.837677023761408,0.05898423120397922,727.0,4.800538317484807
loo-2,A_ramp60_tau150,WOHP,60.0,54.22153912862459,5.77846087137541,5.825120055756962,0.07404942810529036,769.0,5.778460734913169
loo-2,A_ramp60_tau300,EOHP,60.0,57.23558936212513,2.7644106378748665,2.9024578281676767,0.15492543143545134,1192.0,2.7643555850780497
loo-2,A_ramp60_tau300,MOHP,60.0,55.185993365662846,4.814006634337151,4.981763843388727,0.20070359297108809,1235.0,4.8139515815403335
loo-2,A_ramp60_tau300,WOHP,60.0,54.20488940121215,5.795110598787846,5.979742087307407,0.22569697909065667,1261.0,5.79505554599103
loo-2,A_ramp60_tau600,EOHP,60.0,57.14258971142627,2.8574102885737247,4.918635316348379,2.1685163049648466,1862.0,2.8563045235905404
loo-2,A_ramp60_tau600,MOHP,60.0,55.05648485831809,4.943515141681905,6.993785874821143,2.2069709468632865,1888.0,4.942409376698721
loo-2,A_ramp60_tau600,WOHP,60.0,54.05379768747159,5.946202312528414,8.000551573873992,2.2392750742535625,1904.0,5.94509654754523
loo-2,B_cyc60,EOHP,60.0,42.30385896707354,17.69614103292647,33.16230431519206,30.938957419595663,,1.6913617005553614
loo-2,B_cyc60,MOHP,60.0,41.053666154984434,18.94633384501556,33.28614302414161,28.683493024591964,,2.941554512644451
loo-2,B_cyc60,WOHP,60.0,40.455460740317605,19.544539259682395,33.293222920736426,27.499919325579004,,3.5397599273112865
loo-2,C_slug60,EOHP,60.0,57.45138377963641,2.5486162203635927,2.9024578281676767,2.7795685616632397,,2.7864440156950225
loo-2,C_slug60,MOHP,60.0,55.38420900897986,4.615790991020143,4.981763843388727,2.0860918586452755,,4.853618786351573
loo-2,C_slug60,WOHP,60.0,54.39449654973862,5.605503450261379,5.979742087307407,1.8067826076100175,,5.843331245592809
loo-2,A_ramp75_tau150,EOHP,75.0,71.25470733834418,3.7452926616558315,3.7680303434802056,0.03604202282936342,715.0,3.7452924740202516
loo-2,A_ramp75_tau150,MOHP,75.0,68.47738802177855,6.522611978221452,6.572199655696593,0.07874202169496414,786.0,6.522611790585871
loo-2,A_ramp75_tau150,WOHP,75.0,67.14866124910169,7.851338750898307,7.913685749673107,0.09892690988857566,832.0,7.851338563262727
loo-2,A_ramp75_tau300,EOHP,75.0,71.24380951304319,3.756190486956809,3.945218985589804,0.21176373399771364,1292.0,3.756114789361186
loo-2,A_ramp75_tau300,MOHP,75.0,68.45886928180921,6.54113071819078,6.7703191993835645,0.273606338848694,1339.0,6.541055020595157
loo-2,A_ramp75_tau300,WOHP,75.0,67.1257678212542,7.874232178745804,8.126291051080159,0.3074423583846908,1368.0,7.874156481150183
loo-2,A_ramp75_tau600,EOHP,75.0,71.11593492156551,3.884065078434487,6.71746258350305,2.9804508332163806,1888.0,3.8825446515826085
loo-2,A_ramp75_tau600,MOHP,75.0,68.2807951627255,6.719204837274493,9.536849253422858,3.032223521421514,1924.0,6.717684410422615
loo-2,A_ramp75_tau600,WOHP,75.0,66.91801674072777,8.081983259272237,10.90490385377764,3.0761119779199504,1946.0,8.080462832420357
loo-2,B_cyc75,EOHP,75.0,49.31030324307005,25.689696756929944,47.260419703593335,43.15104789721466,,2.183031857950444
loo-2,B_cyc75,MOHP,75.0,47.696694635228866,27.30330536477113,47.30255810221841,40.00461215293022,,3.796640465791629
loo-2,B_cyc75,WOHP,75.0,46.9246005745433,28.075399425456702,47.249950148572566,38.35352731946229,,4.568734526477202
loo-2,C_slug75,EOHP,75.0,71.45741623255954,3.5425837674404472,3.945218985589804,2.801916955659763,,3.7803820772186265
loo-2,C_slug75,MOHP,75.0,68.65288394859812,6.3471160514018825,6.7703191993835645,2.106649667645442,,6.584914361180061
loo-2,C_slug75,WOHP,75.0,67.31013754317203,7.689862456827971,8.126291051080159,1.8266006664683232,,7.927660766606151
loo-2,A_ramp90_tau150,EOHP,90.0,85.26589956069037,4.734100439309622,4.762466913845941,0.04495575216881775,755.0,4.734100200500703
loo-2,A_ramp90_tau150,MOHP,90.0,81.7553145043026,8.244685495697404,8.3067219993098,0.09849929188696649,832.0,8.244685256888484
loo-2,A_ramp90_tau150,WOHP,90.0,80.07578324758606,9.924216752413939,10.00225124329657,0.12380419919890073,881.0,9.92421651360502
loo-2,A_ramp90_tau300,EOHP,90.0,85.25202959593639,4.747970404063621,4.987979454356989,0.2686012350024072,1368.0,4.747874061669192
loo-2,A_ramp90_tau300,MOHP,90.0,81.73174511151873,8.268254888481268,8.558874133237211,0.34650864079600296,1419.0,8.268158546086838
loo-2,A_ramp90_tau300,WOHP,90.0,80.04664617192948,9.95335382807053,10.272839779946196,0.3891875383757366,1450.0,9.953257485676103
loo-2,A_ramp90_tau600,EOHP,90.0,85.08928025970349,4.91071974029651,8.516289818042281,3.7923853291818688,1907.0,4.908784651575938
loo-2,A_ramp90_tau600,MOHP,90.0,81.50510533024506,8.494894669754927,12.079912472206274,3.857476176073206,1951.0,8.492959581034356
loo-2,A_ramp90_tau600,WOHP,90.0,79.78223571543417,10.217764284565842,13.80925625263842,3.912948889036713,1979.0,10.215829195845268
loo-2,B_cyc90,EOHP,90.0,56.31674750078856,33.683252499211434,61.358535076297656,55.363137896716054,,2.674702033623535
loo-2,B_cyc90,MOHP,90.0,54.33972313264006,35.66027686735994,61.31897308281613,51.32573112542708,,4.651726401772047
loo-2,B_cyc90,WOHP,90.0,53.393740397790836,36.606259602209164,61.20667731959854,49.20713512770209,,5.597709136621268
loo-2,C_slug90,EOHP,90.0,85.46344881735965,4.536551182640358,4.987979454356989,2.8242645816256413,,4.774320006865286
loo-2,C_slug90,MOHP,90.0,81.92155895186794,8.078441048132055,8.558874133237211,2.1272073661287862,,8.316209872356982
loo-2,C_slug90,WOHP,90.0,80.22577856059539,9.774221439404613,10.272839779946196,1.846559289842844,,10.011990263629542
loo-3,A_ramp60_tau150,EOHP,60.0,57.23267128692016,2.767328713079838,2.783893958005727,0.02607905492197915,659.0,2.7673285766175972
loo-3,A_ramp60_tau150,MOHP,60.0,55.16284103500373,4.837158964996274,4.872716018115121,0.05606318823971179,728.0,4.837158828534034
loo-3,A_ramp60_tau150,WOHP,60.0,54.17904247501832,5.820957524981679,5.86659162980488,0.07192580339813048,762.0,5.820957388519438
loo-3,A_ramp60_tau300,EOHP,60.0,57.22490423292586,2.7750957670741383,2.911738750253278,0.15288070713483393,1189.0,2.7750407142773224
loo-3,A_ramp60_tau300,MOHP,60.0,55.149327848549774,4.8506721514502225,5.017369257072659,0.19844924472273817,1234.0,4.850617098653406
loo-3,A_ramp60_tau300,WOHP,60.0,54.162615943329776,5.837384056670223,6.019604612491143,0.22202610286581148,1256.0,5.837329003873407
loo-3,A_ramp60_tau600,EOHP,60.0,57.134479900114485,2.8655200998855093,4.920367859847346,2.1589486325780243,1860.0,2.864414334902325
loo-3,A_ramp60_tau600,MOHP,60.0,55.01884713151534,4.981152868484669,7.031000595016081,2.2065009816239254,1888.0,4.980047103501485
loo-3,A_ramp60_tau600,WOHP,60.0,54.01478016265042,5.985219837349583,8.029751297086463,2.2249997202306773,1901.0,5.984114072366399
loo-3,B_cyc60,EOHP,60.0,42.29431067514298,17.705689324857016,33.188584858493286,30.97267124266381,,1.7009099924859086
loo-3,B_cyc60,MOHP,60.0,41.02561467454471,18.97438532545529,33.29248206476536,28.640573576480776,,2.9696059930841816
loo-3,B_cyc60,WOHP,60.0,40.42310902063955,19.576890979360446,33.34213895785331,27.533604479938187,,3.5721116469893364
loo-3,C_slug60,EOHP,60.0,57.440882639530095,2.559117360469906,2.911738750253278,2.8387322053313113,,2.7969451558013363
loo-3,C_slug60,MOHP,60.0,55.347754561664196,4.652245438335811,5.017369257072659,2.0722576323896718,,4.890073233667241
loo-3,C_slug60,WOHP,60.0,54.35244831193761,5.647551688062391,6.019604612491143,1.8378661647439074,,5.885379483393821
loo-3,A_ramp75_tau150,EOHP,75.0,71.24183071441031,3.758169285589684,3.780416550115092,0.03501709674800679,711.0,3.758169097954104
loo-3,A_ramp75_tau150,MOHP,75.0,68.43087238903409,6.569127610965911,6.617002723932714,0.07547503958143409,787.0,6.569127423330332
loo-3,A_ramp75_tau150,WOHP,75.0,67.0948067690446,7.905193230955413,7.966683181390806,0.096904433022317,825.0,7.905193043319832
loo-3,A_ramp75_tau300,EOHP,75.0,71.23115112438886,3.768848875611141,3.9562033850039455,0.20936921735611236,1289.0,3.7687731780155183
loo-3,A_ramp75_tau300,MOHP,75.0,68.41229182739949,6.587708172600523,6.815901087985225,0.27125612708435654,1339.0,6.5876324750049
loo-3,A_ramp75_tau300,WOHP,75.0,67.0722204142237,7.92777958577631,8.1770759509334,0.30329224094796814,1363.0,7.927703888180689
loo-3,A_ramp75_tau600,EOHP,75.0,71.10681756666187,3.893182433338114,6.718067905787862,2.967712333425837,1885.0,3.891662006486236
loo-3,A_ramp75_tau600,MOHP,75.0,68.23288087726128,6.767119122738719,9.58464369309766,3.0323268566283446,1924.0,6.765598695886841
loo-3,A_ramp75_tau600,WOHP,75.0,66.86894616727041,8.131053832729597,10.94102752441539,3.0573809513200416,1943.0,8.129533405877718
loo-3,B_cyc75,EOHP,75.0,49.29966888601072,25.700331113989275,47.294494194929314,43.19820662805198,,2.1936662150097734
loo-3,B_cyc75,MOHP,75.0,47.66343768195188,27.33656231804812,47.30572988026937,39.94501436400837,,3.8298974190686215
loo-3,B_cyc75,WOHP,75.0,46.886390492892225,28.113609507107775,47.311488714670574,38.40081117923083,,4.606944608128274
loo-3,C_slug75,EOHP,75.0,71.44496935633087,3.555030643669125,3.9562033850039455,2.861325454587714,,3.792828953447304
loo-3,C_slug75,MOHP,75.0,68.60655726823217,6.39344273176784,6.815901087985225,2.0927769256135207,,6.631241041546019
loo-3,C_slug75,WOHP,75.0,67.256852836762,7.743147163238005,8.1770759509334,1.8577752274771626,,7.980945473016184
loo-3,A_ramp90_tau150,EOHP,90.0,85.25099012091863,4.749009879081362,4.776938825807079,0.04395419359218522,751.0,4.749009640272442
loo-3,A_ramp90_tau150,MOHP,90.0,81.69890387443019,8.301096125569813,8.361288854774841,0.09488630667340203,833.0,8.301095886760894
loo-3,A_ramp90_tau150,WOHP,90.0,80.0105710481586,9.989428951841408,10.066774380082691,0.12188245976960843,875.0,9.989428713032485
loo-3,A_ramp90_tau300,EOHP,90.0,85.23739782980496,4.762602170195045,5.000667496933602,0.2658573718121602,1365.0,4.762505827800616
loo-3,A_ramp90_tau300,MOHP,90.0,81.67525588291878,8.324744117081234,8.614432221278378,0.3440622650087448,1419.0,8.324647774686804
loo-3,A_ramp90_tau300,WOHP,90.0,79.98182468710115,10.018175312898839,10.334546839294248,0.38455764825154404,1446.0,10.01807897050441
loo-3,A_ramp90_tau600,EOHP,90.0,85.07915533821361,4.920844661786388,8.515768057356325,3.776475919410288,1904.0,4.918909573065815
loo-3,A_ramp90_tau600,MOHP,90.0,81.44691456633215,8.553085433667848,12.138286769933586,3.858152429262873,1952.0,8.551150344947274
loo-3,A_ramp90_tau600,WOHP,90.0,79.72311204972334,10.276887950276654,13.852303812241544,3.8897617918751592,1975.0,10.27495286155608
loo-3,B_cyc90,EOHP,90.0,56.30502710804602,33.69497289195398,61.4004034898438,55.42374170175769,,2.686422426366081
loo-3,B_cyc90,MOHP,90.0,54.301260625527156,35.698739374472844,61.3189777518466,51.24945506678584,,4.690188908884944
loo-3,B_cyc90,WOHP,90.0,53.349671969746645,36.650328030253355,61.28083845350204,49.26801777871643,,5.64177756466546
loo-3,C_slug90,EOHP,90.0,85.4490562278401,4.550943772159898,5.000667496933602,2.883918118973611,,4.788712596384825
loo-3,C_slug90,MOHP,90.0,81.86535996070405,8.13464003929595,8.614432221278378,2.113295932610839,,8.372408863520878
loo-3,C_slug90,WOHP,90.0,80.16125739121124,9.83874260878876,10.334546839294248,1.8776838940878662,,10.076511433013689
loo-4,A_ramp60_tau150,EOHP,60.0,57.26306833419,2.7369316658099976,2.751791580948826,0.02307317592199354,668.0,2.7369315293477574
loo-4,A_ramp60_tau150,MOHP,60.0,55.17409603389163,4.825903966108367,4.859705914976082,0.052588659648954206,734.0,4.825903829646128
loo-4,A_ramp60_tau150,WOHP,60.0,54.22291330428215,5.777086695717848,5.820195249786316,0.06703013305864403,769.0,5.777086559255609
loo-4,A_ramp60_tau300,EOHP,60.0,57.255009113307366,2.7449908866926305,2.8823454771577772,0.15271791443220906,1195.0,2.7449358338958136
loo-4,A_ramp60_tau300,MOHP,60.0,55.16035840012828,4.839641599871714,5.006458605329243,0.19725688360632887,1237.0,4.839586547074898
loo-4,A_ramp60_tau300,WOHP,60.0,54.20622561702026,5.793774382979741,5.976044706379312,0.22022403466208829,1260.0,5.793719330182925
loo-4,A_ramp60_tau600,EOHP,60.0,57.158498398375315,2.8415016016246857,4.910193071700704,2.178282344713665,1865.0,2.840395836641502
loo-4,A_ramp60_tau600,MOHP,60.0,55.02630813698514,4.973691863014859,7.031134407540442,2.216680873185375,1891.0,4.972586098031675
loo-4,A_ramp60_tau600,WOHP,60.0,54.05391766280195,5.946082337198045,8.001499784722277,2.2389848995955504,1904.0,5.944976572214862
loo-4,B_cyc60,EOHP,60.0,42.30982435831144,17.690175641688555,33.13854169083047,30.903975058579995,,1.685396309317447
loo-4,B_cyc60,MOHP,60.0,41.027204897024944,18.972795102975056,33.264437151141365,28.5882882144459,,2.968015770603944
loo-4,B_cyc60,WOHP,60.0,40.443475184692,19.556524815308002,33.29820734646651,27.487301343586253,,3.5517454829368917
loo-4,C_slug60,EOHP,60.0,57.47143190528012,2.5285680947198745,2.8823454771577772,2.707093823080271,,2.7663958900513044
loo-4,C_slug60,MOHP,60.0,55.35925908711322,4.640740912886773,5.006458605329243,2.0331184150030452,,4.878568708218204
loo-4,C_slug60,WOHP,60.0,54.39688849219589,5.6031115078040985,5.976044706379312,1.800429778794424,,5.840939303135529
loo-4,A_ramp75_tau150,EOHP,75.0,71.2846849218118,3.7153150781881963,3.735447411037228,0.03125462743156504,719.0,3.715314890552616
loo-4,A_ramp75_tau150,MOHP,75.0,68.44892047752715,6.5510795224728415,6.596933284076044,0.07133208463605456,792.0,6.551079334837261
loo-4,A_ramp75_tau150,WOHP,75.0,67.15768937160982,7.842310628390171,7.900812688555277,0.09095723740750827,832.0,7.842310440754592
loo-4,A_ramp75_tau300,EOHP,75.0,71.27360335808686,3.7263966419131314,3.9149592467585848,0.20951583857333844,1294.0,3.7263209443175085
loo-4,A_ramp75_tau300,MOHP,75.0,68.43003120643245,6.5699687935675435,6.798718523428306,0.2702511927732587,1342.0,6.569893095971921
loo-4,A_ramp75_tau300,WOHP,75.0,67.13474383773564,7.865256162264358,8.115105713096781,0.3015988872697477,1367.0,7.865180464668734
loo-4,A_ramp75_tau600,EOHP,75.0,71.14090123539748,3.859098764602523,6.703249204632073,2.994667155047111,1891.0,3.857578337750645
loo-4,A_ramp75_tau600,MOHP,75.0,68.24571209721056,6.75428790278945,9.582647509756498,3.0469589096800718,1928.0,6.7527674759375715
loo-4,A_ramp75_tau600,WOHP,75.0,66.92532037554973,8.074679624450269,10.900106386009753,3.0773951200148844,1947.0,8.07315919759839
loo-4,B_cyc75,EOHP,75.0,49.321085812657095,25.678914187342908,47.225033799690564,43.10254728367248,,2.172249288363403
loo-4,B_cyc75,MOHP,75.0,47.667967576368454,27.332032423631546,47.26449924905323,39.872352674137545,,3.825367524652046
loo-4,B_cyc75,WOHP,75.0,46.9156223757972,28.084377624202805,47.249640140352724,38.33656503477444,,4.577712725223302
loo-4,C_slug75,EOHP,75.0,71.4879067227401,3.512093277259892,3.9149592467585848,2.729167483747048,,3.749891587038071
loo-4,C_slug75,MOHP,75.0,68.62482441067559,6.3751755893244155,6.798718523428306,2.0535541965315787,,6.612973899102594
loo-4,C_slug75,WOHP,75.0,67.32030095400172,7.67969904599827,8.115105713096781,1.8203023628642399,,7.917497355776448
loo-4,A_ramp90_tau150,EOHP,90.0,85.30630142568965,4.693698574310341,4.719103002571472,0.039435692131803535,759.0,4.693698335501422
loo-4,A_ramp90_tau150,MOHP,90.0,81.72374496036252,8.276255039637467,8.334160729738414,0.09007574617881176,839.0,8.276254800828548
loo-4,A_ramp90_tau150,WOHP,90.0,80.0924654968326,9.907534503167403,9.981429913973798,0.11488405490908349,882.0,9.907534264358484
loo-4,A_ramp90_tau300,EOHP,90.0,85.29219773145527,4.7078022685447065,4.947572026518358,0.2663136168070679,1370.0,4.707705926150278
loo-4,A_ramp90_tau300,MOHP,90.0,81.69970410848282,8.3002958915172,8.590977735642824,0.3432448382174442,1422.0,8.300199549122771
loo-4,A_ramp90_tau300,WOHP,90.0,80.06326205398413,9.936737946015889,10.254166343016479,0.3829733841122476,1449.0,9.936641603621457
loo-4,A_ramp90_tau600,EOHP,90.0,85.12330409344831,4.8766959065516815,8.496305122990776,3.8110514072080264,1911.0,4.87476081783111
loo-4,A_ramp90_tau600,MOHP,90.0,81.46511613973807,8.534883860261925,12.134160674041354,3.8772373162207856,1956.0,8.532948771541355
loo-4,A_ramp90_tau600,WOHP,90.0,79.79672312044075,10.20327687955926,13.798712820939926,3.915805182109395,1980.0,10.20134179083869
loo-4,B_cyc90,EOHP,90.0,56.332347245735356,33.667652754264644,61.31152591920282,55.30111949114766,,2.659102288676744
loo-4,B_cyc90,MOHP,90.0,54.308730204040344,35.69126979595965,61.26456132969679,51.15641692816271,,4.682719330371757
loo-4,B_cyc90,WOHP,90.0,53.387769558417055,36.612230441582945,61.20107291821212,49.18582851307791,,5.603679975995049
loo-4,C_slug90,EOHP,90.0,85.50438152738921,4.4956184726107775,4.947572026518358,2.7515390614668433,,4.733387296835705
loo-4,C_slug90,MOHP,90.0,81.89038967425236,8.109610325747642,8.590977735642824,2.0739896930754327,,8.34737914997257
loo-4,C_slug90,WOHP,90.0,80.24371325564584,9.756286744354155,10.254166343016479,1.8403750744958387,,9.99405556857908
loo-5,A_ramp60_tau150,EOHP,60.0,57.23608437603793,2.763915623962071,2.7808787528774843,0.026843675722659555,660.0,2.7639154874998306
loo-5,A_ramp60_tau150,MOHP,60.0,55.10387949202356,4.896120507976443,4.933770613822375,0.05967514527340256,728.0,4.896120371514203
loo-5,A_ramp60_tau150,WOHP,60.0,54.21547535733624,5.784524642663759,5.830793047905914,0.07329051507030471,765.0,5.78452450620152
loo-5,A_ramp60_tau300,EOHP,60.0,57.228199155676954,2.7718008443230424,2.9091126913358707,0.15398085614059198,1190.0,2.771745791526226
loo-5,A_ramp60_tau300,MOHP,60.0,55.090101459249226,4.909898540750777,5.078320664935781,0.20175923965871334,1235.0,4.909843487953959
loo-5,A_ramp60_tau300,WOHP,60.0,54.198811420819794,5.801188579180212,5.984738675838585,0.22420739568774195,1259.0,5.801133526383396
loo-5,A_ramp60_tau600,EOHP,60.0,57.13688781558558,2.8631121844144154,4.920121640471386,2.1623205604652256,1861.0,2.8620064194312316
loo-5,A_ramp60_tau600,MOHP,60.0,54.95983559127499,5.040164408725017,7.087373785752121,2.204795705154666,1888.0,5.039058643741832
loo-5,A_ramp60_tau600,WOHP,60.0,54.0492581636792,5.950741836320804,8.000851206520295,2.232929189999936,1903.0,5.949636071337619
loo-5,B_cyc60,EOHP,60.0,42.29671082304223,17.703289176957767,33.181780978843406,30.96374193617763,,1.6985098445866578
loo-5,B_cyc60,MOHP,60.0,40.990537048514334,19.009462951485666,33.30873215124787,28.602535048577163,,3.0046836191145574
loo-5,B_cyc60,WOHP,60.0,40.446267215113835,19.553732784886165,33.320292479319804,27.535961986597137,,3.548953452515056
loo-5,C_slug60,EOHP,60.0,57.444055121761785,2.5559448782382157,2.9091126913358707,2.821441636110329,,2.793772673569646
loo-5,C_slug60,MOHP,60.0,55.28766224886654,4.7123377511334565,5.078320664935781,2.077214556435756,,4.950165546464887
loo-5,C_slug60,WOHP,60.0,54.388579903956014,5.611420096043981,5.984738675838585,1.8257102482021068,,5.84924789137541
loo-5,A_ramp75_tau150,EOHP,75.0,71.24661699833008,3.753383001669922,3.776179408615647,0.036067328105119145,712.0,3.753382814034342
loo-5,A_ramp75_tau150,MOHP,75.0,68.35106157812636,6.648938421873638,6.699669961119028,0.08039936050786878,787.0,6.6489382342380585
loo-5,A_ramp75_tau150,WOHP,75.0,67.14459894456725,7.8554010554327425,7.917774753994294,0.09878880095945419,828.0,7.855400867797163
loo-5,A_ramp75_tau300,EOHP,75.0,71.23577476174758,3.764225238252414,3.9525016638798576,0.21088115560479537,1290.0,3.764149540656791
loo-5,A_ramp75_tau300,MOHP,75.0,68.33211676947302,6.667883230526985,6.898426619591277,0.27576537119846023,1340.0,6.667807532931362
loo-5,A_ramp75_tau300,WOHP,75.0,67.12168604777231,7.8783139522276855,8.129450000124109,0.30629961192639144,1366.0,7.878238254632063
loo-5,A_ramp75_tau600,EOHP,75.0,71.11022159213051,3.8897784078694886,6.717638938571326,2.9723484882466096,1886.0,3.8882579810176106
loo-5,A_ramp75_tau600,MOHP,75.0,68.15300114856353,6.84699885143648,9.66087458461196,3.0299403183163207,1924.0,6.845478424584601
loo-5,A_ramp75_tau600,WOHP,75.0,66.91605021670873,8.08394978329128,10.901604554382942,3.068291943520549,1944.0,8.082429356439402
loo-5,B_cyc75,EOHP,75.0,49.30289153260238,25.697108467397623,47.28510517050732,43.18571926544746,,2.190443568418121
loo-5,B_cyc75,MOHP,75.0,47.61842419527375,27.381575804726253,47.324408218613954,39.89185862049146,,3.874910905746751
loo-5,B_cyc75,WOHP,75.0,46.91652433598296,28.083475664017037,47.283130641347825,38.40402405390829,,4.5768107650375365
loo-5,C_slug75,EOHP,75.0,71.44941844067952,3.550581559320489,3.9525016638798576,2.8439742922783466,,3.7883798690986676
loo-5,C_slug75,MOHP,75.0,68.52532943550997,6.474670564490037,6.898426619591277,2.09778327619037,,6.712468874268215
loo-5,C_slug75,WOHP,75.0,67.30615314888853,7.693846851111486,8.129450000124109,1.84561310211825,,7.931645160889665
loo-5,A_ramp90_tau150,EOHP,90.0,85.25714962563872,4.74285037436129,4.771480936906244,0.045291720579285766,752.0,4.742850135552371
loo-5,A_ramp90_tau150,MOHP,90.0,81.5982434483847,8.401756551615295,8.465569549822305,0.10112375766024684,833.0,8.401756312806375
loo-5,A_ramp90_tau150,WOHP,90.0,80.07372258407325,9.926277415926748,10.004756237613208,0.12428723772340788,878.0,9.926277177117829
loo-5,A_ramp90_tau300,EOHP,90.0,85.24335041441917,4.756649585580822,4.995890438362764,0.26778157117477974,1366.0,4.756553243186394
loo-5,A_ramp90_tau300,MOHP,90.0,81.57413200630216,8.425867993697839,8.718531902996219,0.3497708265980606,1421.0,8.425771651303409
loo-5,A_ramp90_tau300,WOHP,90.0,80.04456077200464,9.955439227995342,10.274161070798883,0.38839173937873284,1449.0,9.955342885600913
loo-5,A_ramp90_tau600,EOHP,90.0,85.08355550996436,4.916444490035635,8.515156037969646,3.782376140356291,1905.0,4.914509401315064
loo-5,A_ramp90_tau600,MOHP,90.0,81.3461666744175,8.6538333255825,12.234375222198139,3.855084913472311,1952.0,8.651898236861927
loo-5,A_ramp90_tau600,WOHP,90.0,79.78284233481493,10.21715766518506,13.802357893204245,3.9036547889313766,1977.0,10.215222576464488
loo-5,B_cyc90,EOHP,90.0,56.30907219500671,33.69092780499329,61.388429415878086,55.407696123855835,,2.682377339405391
loo-5,B_cyc90,MOHP,90.0,54.2463113120229,35.7536886879771,61.34008434333347,51.18118207560221,,4.745138222389206
loo-5,B_cyc90,WOHP,90.0,53.38678145248699,36.61321854751301,61.24596878183864,49.27208563778554,,5.604668081925106
loo-5,C_slug90,EOHP,90.0,85.45478176395045,4.545218236049557,4.995890438362764,2.866506733621108,,4.782987060274484
loo-5,C_slug90,MOHP,90.0,81.7629967465005,8.23700325349949,8.718531902996219,2.1183516147236077,,8.474772077724417
loo-5,C_slug90,WOHP,90.0,80.22372644089755,9.776273559102453,10.274161070798883,1.8655157747368207,,10.01404238332738
loo-6,A_ramp60_tau150,EOHP,60.0,57.22777426844262,2.772225731557379,2.7880951436041954,0.024750637511381512,657.0,2.772225595095138
loo-6,A_ramp60_tau150,MOHP,60.0,55.15891404877381,4.841085951226196,4.875227000836048,0.05333280377084293,725.0,4.841085814763956
loo-6,A_ramp60_tau150,WOHP,60.0,54.247710785601015,5.752289214398981,5.794190477735093,0.06539419417576653,768.0,5.752289077936742
loo-6,A_ramp60_tau300,EOHP,60.0,57.22010507545702,2.7798949245429823,2.915520019751561,0.15118593101713884,1188.0,2.779839871746166
loo-6,A_ramp60_tau300,MOHP,60.0,55.14554324139154,4.854456758608445,5.019477422640236,0.19544003096731188,1232.0,4.85440170581163
loo-6,A_ramp60_tau300,WOHP,60.0,54.23123530548231,5.768764694517697,5.9496191860721055,0.21819816529750113,1259.0,5.768709641720879
loo-6,A_ramp60_tau600,EOHP,60.0,57.13087292205736,2.869127077942643,4.920870238410551,2.154065527642878,1859.0,2.868021312959459
loo-6,A_ramp60_tau600,MOHP,60.0,55.01622137893549,4.983778621064509,7.030313977700132,2.2009127369771733,1887.0,4.982672856081325
loo-6,A_ramp60_tau600,WOHP,60.0,54.07931366324712,5.920686336752874,7.975983003387249,2.2379939512659988,1904.0,5.91958057176969
loo-6,B_cyc60,EOHP,60.0,42.288677427290175,17.71132257270982,33.20205751294276,30.988603289782507,,1.7065432403387137
loo-6,B_cyc60,MOHP,60.0,41.018377966230574,18.981622033769433,33.30946464559142,28.660572979055946,,2.976842701398321
loo-6,B_cyc60,WOHP,60.0,40.45870410990726,19.54129589009273,33.29537485058746,27.51206231544097,,3.5365165577216233
loo-6,C_slug60,EOHP,60.0,57.43629976824785,2.563700231752142,2.915520019751561,2.8673324286937643,,2.801528027083572
loo-6,C_slug60,MOHP,60.0,55.34441410656294,4.6555858934370615,5.019477422640236,2.087503698964916,,4.893413688768492
loo-6,C_slug60,WOHP,60.0,54.422290666932646,5.57770933306736,5.9496191860721055,1.8005752606938188,,5.815537128398789
loo-6,A_ramp75_tau150,EOHP,75.0,71.23674104007065,3.7632589599293453,3.784756016471249,0.033523191387629936,709.0,3.7632587722937654
loo-6,A_ramp75_tau150,MOHP,75.0,68.42825763168588,6.57174236831412,6.618042749119766,0.07232095673681727,784.0,6.571742180678541
loo-6,A_ramp75_tau150,WOHP,75.0,67.19129261499401,7.808707385005977,7.8655502515611175,0.08870406076314907,831.0,7.808707197370397
loo-6,A_ramp75_tau300,EOHP,75.0,71.2261957987833,3.773804201216703,3.9599654650470058,0.20737168937937156,1287.0,3.7737285036210797
loo-6,A_ramp75_tau300,MOHP,75.0,68.4098728146754,6.590127185324607,6.816386962620072,0.26771833995955774,1337.0,6.590051487728984
loo-6,A_ramp75_tau300,WOHP,75.0,67.16863875192612,7.831361248073879,8.079264714576695,0.2988095904388217,1365.0,7.831285550478255
loo-6,A_ramp75_tau600,EOHP,75.0,71.10350162585132,3.896498374148678,6.717321686912328,2.9613308801002347,1883.0,3.8949779472968
loo-6,A_ramp75_tau600,MOHP,75.0,68.23205517250558,6.767944827494419,9.581287003471488,3.0252430172014044,1923.0,6.76642440064254
loo-6,A_ramp75_tau600,WOHP,75.0,66.95974664588773,8.040253354112261,10.865514704802209,3.0760284196586127,1947.0,8.038732927260384
loo-6,B_cyc75,EOHP,75.0,49.29380076435627,25.70619923564373,47.311384178814706,43.22054430431105,,2.199534336664225
loo-6,B_cyc75,MOHP,75.0,47.656540106493594,27.343459893506402,47.326387343967156,39.97313059959539,,3.8367949945269015
loo-6,B_cyc75,WOHP,75.0,46.93518993894946,28.064810061050533,47.24735203804446,38.37108391003374,,4.55814516207103
loo-6,C_slug75,EOHP,75.0,71.44026969708304,3.5597303029169707,3.9599654650470058,2.8900471298644703,,3.7975286126951495
loo-6,C_slug75,MOHP,75.0,68.60466289701414,6.395337102985858,6.816386962620072,2.1080842545877374,,6.633135412764035
loo-6,C_slug75,WOHP,75.0,67.35467828646162,7.645321713538365,8.079264714576695,1.8203970945129697,,7.883120023316544
loo-6,A_ramp90_tau150,EOHP,90.0,85.24570778377036,4.754292216229656,4.781416882624967,0.042295244832871504,749.0,4.754291977420737
loo-6,A_ramp90_tau150,MOHP,90.0,81.69760135840802,8.302398641591983,8.360858024563683,0.09130875517921311,830.0,8.302398402783064
loo-6,A_ramp90_tau150,WOHP,90.0,80.13487449513033,9.865125504869662,9.936909501712393,0.11201346541443513,880.0,9.86512526606074
loo-6,A_ramp90_tau300,EOHP,90.0,85.23228655309673,4.767713446903282,5.004410151178689,0.26355672876039193,1363.0,4.767617104508853
loo-6,A_ramp90_tau300,MOHP,90.0,81.6742023781775,8.325797621822506,8.613296248406769,0.3399961901208286,1417.0,8.325701279428078
loo-6,A_ramp90_tau300,WOHP,90.0,80.10604231516722,9.89395768483277,10.208909947114535,0.3794205201169518,1447.0,9.893861342438344
loo-6,A_ramp90_tau600,EOHP,90.0,85.0761303330781,4.923869666921913,8.513773121754312,3.7685960344968095,1902.0,4.92193457820134
loo-6,A_ramp90_tau600,MOHP,90.0,81.44788904080623,8.552110959193772,12.132260356952273,3.8495736544328594,1950.0,8.550175870473199
loo-6,A_ramp90_tau600,WOHP,90.0,79.84017954414514,10.159820455854845,13.755046386232863,3.9140631233652527,1979.0,10.157885367134273
loo-6,B_cyc90,EOHP,90.0,56.298924124079434,33.701075875920566,61.42071076028506,55.4524849093676,,2.6925254103326663
loo-6,B_cyc90,MOHP,90.0,54.294702240515804,35.70529775948419,61.343310041391774,51.28568784380336,,4.696747293896292
loo-6,B_cyc90,WOHP,90.0,53.41167575955578,36.58832424044422,61.199329175675885,49.2301053247258,,5.579773774856326
loo-6,C_slug90,EOHP,90.0,85.44423950990446,4.555760490095534,5.004410151178689,2.9127615174899404,,4.7935293143204625
loo-6,C_slug90,MOHP,90.0,81.86491167125921,8.135088328740784,8.613296248406769,2.128664833803981,,8.372857152965711
loo-6,C_slug90,WOHP,90.0,80.28706580048794,9.712934199512055,10.208909947114535,1.8404273254175934,,9.950703023736983
loo-7,A_ramp60_tau150,EOHP,60.0,56.981825064823376,3.018174935176623,3.0360414806831457,0.02753398256988504,672.0,3.0181747987143828
loo-7,A_ramp60_tau150,MOHP,60.0,55.20096573806213,4.799034261937874,4.8320755802948625,0.05093053976698769,748.0,4.799034125475635
loo-7,A_ramp60_tau150,WOHP,60.0,54.25061804592751,5.749381954072491,5.791805488620227,0.06532184345006442,788.0,5.749381817610252
loo-7,A_ramp60_tau300,EOHP,60.0,56.973022168903526,3.0269778310964806,3.167984217948664,0.15838585359363577,1198.0,3.0269227782996646
loo-7,A_ramp60_tau300,MOHP,60.0,55.18641391888175,4.813586081118258,4.983737583078117,0.20057902919753445,1247.0,4.813531028321441
loo-7,A_ramp60_tau300,WOHP,60.0,54.232840035304115,5.767159964695894,5.954065914091217,0.225008443618826,1272.0,5.767104911899078
loo-7,A_ramp60_tau600,EOHP,60.0,56.87358579477199,3.126414205228,5.189064908151813,2.1766786550483133,1866.0,3.1253084402448157
loo-7,A_ramp60_tau600,MOHP,60.0,55.04364070993632,4.9563592900636735,7.033670459563531,2.2453592500338857,1897.0,4.955253525080489
loo-7,A_ramp60_tau600,WOHP,60.0,54.07002716887648,5.929972831123517,8.009330784281026,2.2736824303866143,1913.0,5.928867066140332
loo-7,B_cyc60,EOHP,60.0,42.13460421679308,17.86539578320692,33.17958749619257,30.635470211544618,,1.8606164508358134
loo-7,B_cyc60,MOHP,60.0,41.03895090849902,18.961049091500982,33.18821880593903,28.459680616234795,,2.956269759129873
loo-7,B_cyc60,WOHP,60.0,40.45479792213004,19.54520207786996,33.20245461627687,27.318845590576554,,3.5404227454988515
loo-7,C_slug60,EOHP,60.0,57.187103954188196,2.8128960458118053,3.167984217948664,2.6487623204787596,,3.0507238411432356
loo-7,C_slug60,MOHP,60.0,55.38541490489362,4.61458509510638,4.983737583078117,1.9459714436282596,,4.85241289043781
loo-7,C_slug60,WOHP,60.0,54.42352431981618,5.576475680183812,5.954065914091217,1.7190726418048143,,5.814303475515241
loo-7,A_ramp75_tau150,EOHP,75.0,70.90496413227702,4.095035867722986,4.1194773584139455,0.03766516968595113,725.0,4.095035680087406
loo-7,A_ramp75_tau150,MOHP,75.0,68.48866984152399,6.511330158476009,6.5565257040627785,0.06966232135891914,808.0,6.51132997084043
loo-7,A_ramp75_tau150,WOHP,75.0,67.19921289418345,7.800787105816559,7.858817690207374,0.08934893893736273,852.0,7.80078691818098
loo-7,A_ramp75_tau300,EOHP,75.0,70.89286013306203,4.107139866937979,4.30089886391481,0.21758642109732307,1299.0,4.107064169342356
loo-7,A_ramp75_tau300,MOHP,75.0,68.46866101478382,6.531338985216185,6.765060980804549,0.2754290743420711,1351.0,6.531263287620563
loo-7,A_ramp75_tau300,WOHP,75.0,67.17476799223269,7.825232007767313,8.081926315635158,0.30891850590698766,1378.0,7.825156310171689
loo-7,A_ramp75_tau600,EOHP,75.0,70.75613511267014,4.2438648873298614,7.079884289104285,2.9927385486660256,1893.0,4.242344460477984
loo-7,A_ramp75_tau600,MOHP,75.0,68.27234784333879,6.727652156661213,9.58371859825769,3.0870016707728496,1936.0,6.726131729809334
loo-7,A_ramp75_tau600,WOHP,75.0,66.95090035493688,8.04909964506312,10.907915317375725,3.1258452037970983,1957.0,8.047579218211242
loo-7,B_cyc75,EOHP,75.0,49.09706229976017,25.90293770023983,47.26193665488008,42.72807803455114,,2.3962728012603285
loo-7,B_cyc75,MOHP,75.0,47.68598408492956,27.314015915070442,47.15669156135583,39.69315048214045,,3.8073510160909434
loo-7,B_cyc75,WOHP,75.0,46.93366156162785,28.066338438372153,47.11400143538289,38.101821450283765,,4.559673539392654
loo-7,C_slug75,EOHP,75.0,71.10451074302073,3.8954892569792636,4.30089886391481,2.6710095343490394,,4.133287566757443
loo-7,C_slug75,MOHP,75.0,68.66344090606721,6.336559093932791,6.765060980804549,1.966243392477466,,6.5743574037109695
loo-7,C_slug75,WOHP,75.0,67.36018381609406,7.63981618390593,8.081926315635158,1.7392300833016492,,7.877614493684109
loo-7,A_ramp90_tau150,EOHP,90.0,84.82810322888693,5.171896771113068,5.202912921629121,0.04779545838658805,766.0,5.171896532304148
loo-7,A_ramp90_tau150,MOHP,90.0,81.77637380508575,8.22362619491425,8.280976142501686,0.08839447920504995,854.0,8.223625956105328
loo-7,A_ramp90_tau150,WOHP,90.0,80.14780766024143,9.852192339758568,9.925830467021981,0.11337640384816439,903.0,9.85219210094965
loo-7,A_ramp90_tau300,EOHP,90.0,84.812698179128,5.187301820871984,5.433812854170981,0.276786404351526,1375.0,5.187205478477555
loo-7,A_ramp90_tau300,MOHP,90.0,81.7509081376593,8.24909186234072,8.546384188831581,0.35027884816109633,1431.0,8.248995519946291
loo-7,A_ramp90_tau300,WOHP,90.0,80.11669610757001,9.88330389243,10.209785996975171,0.3928277244167049,1461.0,9.88320755003557
loo-7,A_ramp90_tau600,EOHP,90.0,84.63868447448476,5.361315525515231,8.970704039675226,3.808798629169601,1914.0,5.359380436794659
loo-7,A_ramp90_tau600,MOHP,90.0,81.50105495277488,8.49894504722512,12.133766993298138,3.9286444392054705,1967.0,8.497009958504547
loo-7,A_ramp90_tau600,WOHP,90.0,79.83177356682343,10.168226433176567,13.806499786170605,3.978007610887417,1992.0,10.166291344455994
loo-7,B_cyc90,EOHP,90.0,56.059520345387895,33.9404796546121,61.34428581657491,54.82068572302033,,2.931929189024206
loo-7,B_cyc90,MOHP,90.0,54.33301724225142,35.666982757748585,61.12516423231381,50.926620129030425,,4.658432292160685
loo-7,B_cyc90,WOHP,90.0,53.412525150607735,36.587474849392265,61.02554824098458,48.884797075763515,,5.578924383804367
loo-7,C_slug90,EOHP,90.0,85.02191757449725,4.978082425502748,5.433812854170981,2.6932562837997978,,5.215851249727676
loo-7,C_slug90,MOHP,90.0,81.94146698549667,8.05853301450332,8.546384188831581,1.9865156213442532,,8.296301838728247
loo-7,C_slug90,WOHP,90.0,80.29684359755058,9.703156402449432,10.209785996975171,1.7593873577813781,,9.940925226674358
loo-8,A_ramp60_tau150,EOHP,60.0,57.25357878801012,2.746421211989887,2.7651010102515485,0.03025876296063501,667.0,2.746421075527647
loo-8,A_ramp60_tau150,MOHP,60.0,55.227849609577504,4.772150390422498,4.808838320605155,0.05937392512957018,767.0,4.772150253960259
loo-8,A_ramp60_tau150,WOHP,60.0,54.22655629509925,5.77344370490075,5.82401070672001,0.08196957595636434,774.0,5.773443568438509
loo-8,A_ramp60_tau300,EOHP,60.0,57.24547652816813,2.754523471831862,2.8947679704869884,0.15874238684763498,1196.0,2.754468419035046
loo-8,A_ramp60_tau300,MOHP,60.0,55.212852748625785,4.7871472513742175,4.96396912886599,0.21215031420187103,1259.0,4.787092198577401
loo-8,A_ramp60_tau300,WOHP,60.0,54.209677699120306,5.790322300879698,5.9789666727496,0.23359491551910594,1265.0,5.790267248082881
loo-8,A_ramp60_tau600,EOHP,60.0,57.15016412129136,2.8498358787086415,4.917413631473551,2.1786193614824967,1864.0,2.8487301137254573
loo-8,A_ramp60_tau600,MOHP,60.0,55.061364007510726,4.938635992489279,7.0387608798143475,2.28142982721333,1906.0,4.937530227506095
loo-8,A_ramp60_tau600,WOHP,60.0,54.05706058653894,5.942939413461071,8.002958201550975,2.2497730273752126,1906.0,5.941833648477887
loo-8,B_cyc60,EOHP,60.0,42.315881007824984,17.684118992175012,33.135307270393085,30.908243003223898,,1.679339659803902
loo-8,B_cyc60,MOHP,60.0,41.079729664711905,18.92027033528809,33.06402808716902,28.290210878554177,,2.9154910029169834
loo-8,B_cyc60,WOHP,60.0,40.47178196490659,19.52821803509341,33.26268740712351,27.469606748471566,,3.523438702722302
loo-8,C_slug60,EOHP,60.0,57.460770586047225,2.5392294139527816,2.8947679704869884,2.7275137876470907,,2.7770572092842114
loo-8,C_slug60,MOHP,60.0,55.41030827879735,4.589691721202641,4.96396912886599,1.8437987826764726,,4.827519516534071
loo-8,C_slug60,WOHP,60.0,54.39802724333862,5.601972756661383,5.9789666727496,1.7896553662915906,,5.839800551992813
loo-8,A_ramp75_tau150,EOHP,75.0,71.26540532676188,3.7345946732381146,3.7589631574614373,0.03945438439636462,719.0,3.7345944856025346
loo-8,A_ramp75_tau150,MOHP,75.0,68.51085413822699,6.48914586177301,6.537203189664893,0.07773644352941744,825.0,6.48914567413743
loo-8,A_ramp75_tau150,WOHP,75.0,67.14925757652611,7.85074242347389,7.917306740729813,0.10786919047434651,836.0,7.850742235838309
loo-8,A_ramp75_tau300,EOHP,75.0,71.25426470033072,3.7457352996692825,3.9372554263680684,0.21611983577402327,1295.0,3.7456596020736597
loo-8,A_ramp75_tau300,MOHP,75.0,68.49023346083318,6.509766539166812,6.750508364717106,0.28780445580675007,1362.0,6.50969084157119
loo-8,A_ramp75_tau300,WOHP,75.0,67.12604962563714,7.873950374362863,8.130371188356918,0.3163539562372222,1372.0,7.873874676767241
loo-8,A_ramp75_tau600,EOHP,75.0,71.1232101904026,3.8767898095974025,6.718393052928249,2.9934504938621984,1890.0,3.875269382745524
loo-8,A_ramp75_tau600,MOHP,75.0,68.28193644999861,6.7180635500014025,9.603346749305885,3.133063645412321,1947.0,6.716543123149524
loo-8,A_ramp75_tau600,WOHP,75.0,66.91620101483602,8.083798985163984,10.913359659161088,3.0885992317150226,1949.0,8.082278558312105
loo-8,B_cyc75,EOHP,75.0,49.32296986910127,25.677030130898736,47.22656108012092,43.10779484819307,,2.1703652319192304
loo-8,B_cyc75,MOHP,75.0,47.72539490092115,27.27460509907884,46.999923812555494,39.45541060032946,,3.7679402000993383
loo-8,B_cyc75,WOHP,75.0,46.93969389105393,28.06030610894607,47.21433051279726,38.31029560874828,,4.553641209966567
loo-8,C_slug75,EOHP,75.0,71.46729975290195,3.5327002470980484,3.9372554263680684,2.7496377080678656,,3.7704985568762273
loo-8,C_slug75,MOHP,75.0,68.68336824036736,6.3166317596326325,6.750508364717106,1.8636340716232667,,6.554430069410811
loo-8,C_slug75,WOHP,75.0,67.30897967792522,7.691020322074776,8.130371188356918,1.8093841553976517,,7.9288186318529545
loo-8,A_ramp90_tau150,EOHP,90.0,85.27723188895054,4.722768111049459,4.752825325121961,0.048650292058695754,759.0,4.722767872240539
loo-8,A_ramp90_tau150,MOHP,90.0,81.79385865841894,8.20614134158106,8.265568266254306,0.09609924443050488,871.0,8.206141102772138
loo-8,A_ramp90_tau150,WOHP,90.0,80.07195890147008,9.928041098529915,10.010602731955927,0.1337688639759449,886.0,9.928040859720996
loo-8,A_ramp90_tau300,EOHP,90.0,85.26305292119079,4.736947078809215,4.979742484555302,0.27349682711077605,1371.0,4.736850736414786
loo-8,A_ramp90_tau300,MOHP,90.0,81.76761413842718,8.232385861572816,8.537047208965774,0.363458381344671,1442.0,8.232289519178385
loo-8,A_ramp90_tau300,WOHP,90.0,80.0424214944885,9.957578505511512,10.281775584599501,0.3991129957141055,1455.0,9.957482163117081
loo-8,A_ramp90_tau600,EOHP,90.0,85.09625620589071,4.903743794109277,8.519372611966247,3.80828148809573,1910.0,4.901808705388706
loo-8,A_ramp90_tau600,MOHP,90.0,81.50250883187489,8.497491168125102,12.167932789171289,3.9846974592656608,1979.0,8.495556079404532
loo-8,A_ramp90_tau600,WOHP,90.0,79.77534151528005,10.224658484719955,13.823760978314795,3.927424872915097,1982.0,10.222723395999383
loo-8,B_cyc90,EOHP,90.0,56.33005869897769,33.66994130102231,61.31781485393511,55.307345877401495,,2.661390835434414
loo-8,B_cyc90,MOHP,90.0,54.371060113911184,35.62893988608881,60.93581954758443,50.62061026560464,,4.620389420500912
loo-8,B_cyc90,WOHP,90.0,53.40760576198445,36.59239423801555,61.16597358042314,49.15098416991532,,5.583843772427651
loo-8,C_slug90,EOHP,90.0,85.47382896759225,4.526171032407754,4.979742484555302,2.7717838007956885,,4.763939856632682
loo-8,C_slug90,MOHP,90.0,81.95642826179028,8.04357173820973,8.537047208965774,1.8837129995226718,,8.281340562434657
loo-8,C_slug90,WOHP,90.0,80.21993211175071,9.780067888249292,10.281775584599501,1.8294131917257772,,10.017836712474221
loo-9,A_ramp60_tau150,EOHP,60.0,57.20111923937047,2.7988807606295234,2.8109966889023923,0.017971128225305222,647.0,2.7988806241672837
loo-9,A_ramp60_tau150,MOHP,60.0,55.13064968512159,4.869350314878411,4.895548032053362,0.03895080710443466,708.0,4.869350178416172
loo-9,A_ramp60_tau150,WOHP,60.0,54.195098427431574,5.804901572568419,5.839688379821986,0.05173438725378077,724.0,5.80490143610618
loo-9,A_ramp60_tau300,EOHP,60.0,57.194309022721036,2.8056909772789678,2.9356792566249084,0.14204129017883815,1179.0,2.805635924482152
loo-9,A_ramp60_tau300,MOHP,60.0,55.11892785538006,4.881072144619939,5.03520827030291,0.1772844971468288,1218.0,4.8810170918231215
loo-9,A_ramp60_tau300,WOHP,60.0,54.18147677065402,5.8185232293459785,5.982711046410252,0.19300059850004914,1228.0,5.818468176549161
loo-9,A_ramp60_tau600,EOHP,60.0,57.11162434354368,2.888375656456324,4.923791519152829,2.128467055037717,1854.0,2.88726989147314
loo-9,A_ramp60_tau600,MOHP,60.0,54.999290514915394,5.000709485084607,7.022780471830643,2.1611927263439554,1879.0,4.9996037201014225
loo-9,A_ramp60_tau600,WOHP,60.0,54.05430878969827,5.945691210301737,7.9429369171459925,2.148364082599578,1884.0,5.944585445318553
loo-9,B_cyc60,EOHP,60.0,42.26643517365723,17.733564826342775,33.25875640860376,31.058328969714527,,1.7287854939716678
loo-9,B_cyc60,MOHP,60.0,40.98961229549133,19.01038770450868,33.40034862568916,28.78650710956818,,3.0056083721375715
loo-9,B_cyc60,WOHP,60.0,40.41351129542212,19.58648870457788,33.533606404671325,27.90014478494419,,3.5817093722067774
loo-9,C_slug60,EOHP,60.0,57.411582343423525,2.589178279403445,2.9356792566249084,3.010131290803365,,2.826245451907909
loo-9,C_slug60,MOHP,60.0,55.320157645904764,4.679842354095233,5.03520827030291,2.1944567412137985,,4.917670149426663
loo-9,C_slug60,WOHP,60.0,54.37524074368415,5.624759256315847,5.982711046410252,2.0542368212094075,,5.862587051647276
loo-9,A_ramp75_tau150,EOHP,75.0,71.20273161145384,3.797268388546153,3.8138686883416,0.024621599664172322,698.0,3.797268200910573
loo-9,A_ramp75_tau150,MOHP,75.0,68.39367476535205,6.60632523464795,6.642195291235154,0.0533301389464782,766.0,6.60632504701237
loo-9,A_ramp75_tau150,WOHP,75.0,67.12438139600827,7.875618603991729,7.923228803013032,0.07080348208546638,785.0,7.87561841635615
loo-9,A_ramp75_tau300,EOHP,75.0,71.19336757532228,3.8066324246777166,3.9853075762124917,0.19521844449160142,1278.0,3.8065567270820937
loo-9,A_ramp75_tau300,MOHP,75.0,68.37755725747736,6.622442742522633,6.834228304020783,0.24353906326011554,1320.0,6.622367044927011
loo-9,A_ramp75_tau300,WOHP,75.0,67.10565162797678,7.894348372023211,8.11988512622601,0.265044439584301,1333.0,7.894272674427589
loo-9,A_ramp75_tau600,EOHP,75.0,71.07967613289442,3.920323867105571,6.718961384554859,2.9265532996501946,1877.0,3.918803440253693
loo-9,A_ramp75_tau600,MOHP,75.0,68.21305597837622,6.7869440216237855,9.567139619029945,2.971412512784198,1912.0,6.785423594771907
loo-9,A_ramp75_tau600,WOHP,75.0,66.9307956311403,8.0692043688597,10.815195386200983,2.953669169296731,1920.0,8.067683942007822
loo-9,B_cyc75,EOHP,75.0,49.26698412412762,25.73301587587238,47.38644054291492,43.3180330065078,,2.226350976892877
loo-9,B_cyc75,MOHP,75.0,47.622677623398104,27.377322376601896,47.44725900628441,40.14926474393931,,3.8706574776223928
loo-9,B_cyc75,WOHP,75.0,46.8807682826519,28.11923171734809,47.571434062498,38.912917237651385,,4.612566818368587
loo-9,C_slug75,EOHP,75.0,71.40890515388837,3.591094846111647,3.9853075762124917,3.0333704166114615,,3.828893155889825
loo-9,C_slug75,MOHP,75.0,68.57550761510785,6.4244923848921465,6.834228304020783,2.2149472807844575,,6.662290694670325
loo-9,C_slug75,WOHP,75.0,67.29537279083128,7.704627209168708,8.11988512622601,2.07465530311066,,7.942425518946885
loo-9,A_ramp90_tau150,EOHP,90.0,85.2043440925931,4.795655907406892,4.816740405629389,0.03127223501627441,738.0,4.7956556685979725
loo-9,A_ramp90_tau150,MOHP,90.0,81.65669987561826,8.343300124381754,8.388842417548062,0.06770934661230399,810.0,8.343299885572835
loo-9,A_ramp90_tau150,WOHP,90.0,80.05366453636957,9.946335463630453,10.006768532718326,0.08987198024981069,833.0,9.946335224821533
loo-9,A_ramp90_tau300,EOHP,90.0,85.1924262547713,4.807573745228708,5.034935179127572,0.2483950518071225,1353.0,4.807477402834278
loo-9,A_ramp90_tau300,MOHP,90.0,81.63618676403505,8.363813235964962,8.633247727489362,0.3097930277385359,1399.0,8.363716893570533
loo-9,A_ramp90_tau300,WOHP,90.0,80.0298265537332,9.970173446266795,10.257058379434255,0.33708778644599136,1414.0,9.970077103872365
loo-9,A_ramp90_tau600,EOHP,90.0,85.04772805880481,4.952271941195196,8.51413154972613,3.724640270695133,1894.0,4.950336852474625
loo-9,A_ramp90_tau600,MOHP,90.0,81.42682136554397,8.573178634456031,12.111498840657646,3.781632605940217,1938.0,8.571243545735458
loo-9,A_ramp90_tau600,WOHP,90.0,79.80728261173905,10.192717388260942,13.687453799376769,3.7589739275474727,1947.0,10.190782299540368
loo-9,B_cyc90,EOHP,90.0,56.26753302365428,33.73246697634573,61.51412470518462,55.57773694388239,,2.7239165107578303
loo-9,B_cyc90,MOHP,90.0,54.255742961946254,35.74425703805374,61.49416936553693,51.5120224271281,,4.735706572465844
loo-9,B_cyc90,WOHP,90.0,53.34802526017884,36.65197473982116,61.60926186173059,49.92569014499914,,5.643424274233265
loo-9,C_slug90,EOHP,90.0,85.40622804820381,4.593771951796176,5.034935179127572,3.0566091649233726,,4.831540776021104
loo-9,C_slug90,MOHP,90.0,81.8308576833346,8.169142316665397,8.633247727489362,2.235538300126805,,8.406911140890324
loo-9,C_slug90,WOHP,90.0,80.21550498349517,9.784495016504831,10.257058379434255,2.0950733460486077,,10.022263840729758
