fitset,case,fluid,Tset,delivery_Te,dev_mae,dev_max,ripple,settle_s,lag_K
1,A_ramp60_tau150,EOHP,60.0,57.1795703528023,2.8204296471977024,2.841246203829918,0.03460713538036231,622.0,2.820429510735462
1,A_ramp60_tau150,MOHP,60.0,55.06343009147037,4.936569908529633,4.980046789433544,0.07239901895313494,659.0,4.936569772067394
1,A_ramp60_tau150,WOHP,60.0,54.04149308363372,5.958506916366283,6.012985657590171,0.09074160456653857,680.0,5.958506779904043
1,A_ramp60_tau300,EOHP,60.0,57.173820572378276,2.8261794276217245,2.9569039972264335,0.14900646482904278,1163.0,2.826124374824908
1,A_ramp60_tau300,MOHP,60.0,55.05355769490457,4.946442305095429,5.10222929331934,0.1917797724406256,1190.0,4.946387252298613
1,A_ramp60_tau300,WOHP,60.0,54.02954345337971,5.970456546620286,6.1388235837221075,0.21303191532692267,1205.0,5.97040149382347
1,A_ramp60_tau600,EOHP,60.0,57.1112397490146,2.888760250985402,4.88459780798685,2.073861691479806,1840.0,2.8876544860022175
1,A_ramp60_tau600,MOHP,60.0,54.968242582369,5.031757417630996,6.984873455134164,2.068091787397904,1855.0,5.030651652647813
1,A_ramp60_tau600,WOHP,60.0,53.93269806750851,6.067301932491495,8.00110366529168,2.0672908555716916,1863.0,6.066196167508311
1,B_cyc60,EOHP,60.0,42.28022590326417,17.719774096735833,33.37513353438869,31.31538218151161,,1.7149947643647234
1,B_cyc60,MOHP,60.0,40.99838468324355,19.001615316756446,33.63375844259269,29.264340068136043,,2.9968359843853354
1,B_cyc60,WOHP,60.0,40.37938375063233,19.620616249367675,33.75018898401562,28.256969660675807,,3.6158369169965643
1,C_slug60,EOHP,60.0,57.388965137267704,2.6301849108797746,2.9569039972264335,3.6414399569233282,,2.848862658063734
1,C_slug60,MOHP,60.0,55.25033369873745,4.749666301262548,5.10222929331934,2.819687008857734,,4.987494096593978
1,C_slug60,WOHP,60.0,54.21740128553633,5.78259871446367,6.1388235837221075,2.5002066579957685,,6.020426509795099
1,A_ramp75_tau150,EOHP,75.0,71.15947616013426,3.84052383986573,3.866785498219272,0.04363452394824208,673.0,3.8405236522301496
1,A_ramp75_tau150,MOHP,75.0,68.27796980250488,6.722030197495113,6.777552608322694,0.09243382016818202,715.0,6.722030009859532
1,A_ramp75_tau150,WOHP,75.0,66.88644000777538,8.113559992224621,8.183279758125352,0.11610276252028484,739.0,8.113559804589041
1,A_ramp75_tau300,EOHP,75.0,71.15157022071357,3.8484297792864366,4.025815113331234,0.20093388482936803,1262.0,3.8483540816908137
1,A_ramp75_tau300,MOHP,75.0,68.26439534044512,6.735604659554878,6.945553867185083,0.2565827084083878,1294.0,6.735528961959254
1,A_ramp75_tau300,WOHP,75.0,66.87000924629233,8.12999075370768,8.35630733647848,0.2842523679138651,1311.0,8.129915056112058
1,A_ramp75_tau600,EOHP,75.0,71.06552157652781,3.934478423472191,6.6763936906935015,2.847609203308636,1858.0,3.932957996620313
1,A_ramp75_tau600,MOHP,75.0,68.14708707637136,6.852912923628624,9.534189106857767,2.836511259277529,1879.0,6.851392496776746
1,A_ramp75_tau600,WOHP,75.0,66.7368469385543,8.26315306144571,10.91694226453555,2.83385816340612,1891.0,8.26163263459383
1,B_cyc75,EOHP,75.0,49.27159082699554,25.728409173004458,47.56204423843865,43.67474044711974,,2.2217442740249562
1,B_cyc75,MOHP,75.0,47.611001994573904,27.388998005426096,47.79422549204865,40.8123426119175,,3.882333106446595
1,B_cyc75,WOHP,75.0,46.80910831409308,28.19089168590692,47.894537650475314,39.40648029053915,,4.6842267869274155
1,C_slug75,EOHP,75.0,71.364834270482,3.6351657295180013,4.025815113331234,3.666509603460625,,3.87296403929618
1,C_slug75,MOHP,75.0,68.4574489748807,6.5425510251193035,6.945553867185083,2.842038271327837,,6.780349334897484
1,C_slug75,WOHP,75.0,67.0532406885296,7.946759311470389,8.35630733647848,2.5212709717452526,,8.184557621248569
1,A_ramp90_tau150,EOHP,90.0,85.13938202056572,4.860617979434279,4.892324282322193,0.05266232167684848,713.0,4.860617740625359
1,A_ramp90_tau150,MOHP,90.0,81.49250950525065,8.50749049474934,8.575058522362554,0.11246874431775211,759.0,8.507490255940422
1,A_ramp90_tau150,WOHP,90.0,79.73138700720989,10.268612992790109,10.35357416960585,0.14146440227854384,786.0,10.26861275398119
1,A_ramp90_tau300,EOHP,90.0,85.12931991035273,4.870680089647266,5.094725262529252,0.2528599277139705,1338.0,4.870583747252837
1,A_ramp90_tau300,MOHP,90.0,81.47523300226536,8.52476699773465,8.788877902474653,0.3213850359124848,1375.0,8.524670655340222
1,A_ramp90_tau300,WOHP,90.0,79.71047513387568,10.289524866124333,10.573790676154687,0.35547245169662745,1394.0,10.289428523729907
1,A_ramp90_tau600,EOHP,90.0,85.01980345551219,4.9801965444878045,8.468189725458217,3.621357022474271,1871.0,4.978261455767234
1,A_ramp90_tau600,MOHP,90.0,81.32593150433482,8.674068495665173,12.083504630485606,3.60493047287072,1898.0,8.672133406944603
1,A_ramp90_tau600,WOHP,90.0,79.54099573023997,10.459004269760019,13.832780738244807,3.600425451993999,1912.0,10.457069181039447
1,B_cyc90,EOHP,90.0,56.26295572342038,33.737044276579624,61.74895482867332,56.034098403140106,,2.7284938109917274
1,B_cyc90,MOHP,90.0,54.22361931912916,35.77638068087084,61.95469249412382,52.36034519124455,,4.767830215282942
1,B_cyc90,WOHP,90.0,53.2388328105157,36.7611671894843,62.03888630863125,50.555990766889224,,5.7526167238964065
1,C_slug90,EOHP,90.0,85.34070334694943,4.659296653050575,5.094725262529252,3.691578441609906,,4.897065477275502
1,C_slug90,MOHP,90.0,81.6645643116488,8.335435688351202,8.788877902474653,2.8643890085319867,,8.573204512576128
1,C_slug90,WOHP,90.0,79.88908017675342,10.11091982324659,10.573790676154687,2.542370672027303,,10.348688647471517
2,A_ramp60_tau150,EOHP,60.0,56.995906004850184,3.004093995149819,3.020999777480064,0.026874039943038497,623.0,3.0040938586875794
2,A_ramp60_tau150,MOHP,60.0,54.93801540365045,5.0619845963495465,5.098518576201215,0.05817285180076226,654.0,5.061984459887307
2,A_ramp60_tau150,WOHP,60.0,54.092198555038934,5.907801444961059,5.950413748466538,0.06787909443170292,676.0,5.9078013084988195
2,A_ramp60_tau300,EOHP,60.0,56.98972604457621,3.0102739554237927,3.1381667587752347,0.14289774186903514,1162.0,3.0102189026269763
2,A_ramp60_tau300,MOHP,60.0,54.92770110633764,5.072298893662354,5.222091719197685,0.1792576834559796,1184.0,5.072243840865537
2,A_ramp60_tau300,WOHP,60.0,54.08007177917597,5.919928220824034,6.078676485999914,0.19323442503817034,1198.0,5.919873168027218
2,A_ramp60_tau600,EOHP,60.0,56.92416766585836,3.075832334141637,5.066313092441668,2.068274916459977,1842.0,3.074726569158453
2,A_ramp60_tau600,MOHP,60.0,54.84209644525049,5.157903554749504,7.100497623207097,2.0516171033184065,1853.0,5.15679778976632
2,A_ramp60_tau600,WOHP,60.0,53.98111419741537,6.018885802584626,7.952128362026933,2.059624039257578,1862.0,6.017780037601442
2,B_cyc60,EOHP,60.0,42.14666394999642,17.853336050003573,33.42147692005777,31.143082177188848,,1.8485567176324675
2,B_cyc60,MOHP,60.0,40.88479695258745,19.115203047412553,33.70834629908988,29.19050903307904,,3.110423715041445
2,B_cyc60,WOHP,60.0,40.36509823009871,19.634901769901283,33.784158055127264,28.301846016974398,,3.630122437530178
2,C_slug60,EOHP,60.0,57.20496730614171,2.80364826346496,3.1381667587752347,3.541773566976211,,3.0328604891897224
2,C_slug60,MOHP,60.0,55.12600072590254,4.873999274097458,5.222091719197685,2.855455930034296,,5.111827069428887
2,C_slug60,WOHP,60.0,54.27171353225231,5.728286467747687,6.078676485999914,2.4940317372481005,,5.966114263079117
2,A_ramp75_tau150,EOHP,75.0,70.92192576501733,4.078074234982665,4.10094421737206,0.03635059297093335,675.0,4.078074047347085
2,A_ramp75_tau150,MOHP,75.0,68.12829431290922,6.871705687090776,6.921194426172292,0.07879622404755082,712.0,6.871705499455196
2,A_ramp75_tau150,WOHP,75.0,66.98008269890245,8.019917301097557,8.07764430666191,0.09195133422801405,736.0,8.019917113461977
2,A_ramp75_tau300,EOHP,75.0,70.91342826823232,4.0865717317676795,4.262049279757576,0.19588326414437063,1262.0,4.086496034172057
2,A_ramp75_tau300,MOHP,75.0,68.11411207640319,6.885887923596821,7.0911077843823875,0.24528816590715508,1290.0,6.885812226001198
2,A_ramp75_tau300,WOHP,75.0,66.9634083454254,8.036591654574591,8.254006154020104,0.26431537047044174,1305.0,8.036515956978969
2,A_ramp75_tau600,EOHP,75.0,70.82328556228586,4.176714437714138,6.913249924856515,2.843276751538042,1860.0,4.175194010862261
2,A_ramp75_tau600,MOHP,75.0,67.99640579644235,7.003594203557667,9.673915403856299,2.819782039771269,1877.0,7.002073776705789
2,A_ramp75_tau600,WOHP,75.0,66.82734170455126,8.172658295448748,10.830001624107027,2.830600225677017,1890.0,8.17113786859687
2,B_cyc75,EOHP,75.0,49.110691494630586,25.889308505369417,47.602371516676214,43.43588931672275,,2.382643606389913
2,B_cyc75,MOHP,75.0,47.48425540176033,27.515744598239674,47.86852315716294,40.712017211830116,,4.009079699260171
2,B_cyc75,WOHP,75.0,46.81440671922275,28.18559328077724,47.919132575470144,39.47239099955209,,4.67892838179774
2,C_slug75,EOHP,75.0,71.12670017136607,3.8732998286339297,4.262049279757576,3.5668381576736863,,4.111098138412109
2,C_slug75,MOHP,75.0,68.30861873342349,6.6913812665765136,7.0911077843823875,2.8781481112043252,,6.929179576354694
2,C_slug75,WOHP,75.0,67.15060739370232,7.849392606297677,8.254006154020104,2.51525884370011,,8.087190916075855
2,A_ramp90_tau150,EOHP,90.0,84.84794555516652,5.152054444833485,5.180888620438239,0.04582708328995011,715.0,5.152054206024566
2,A_ramp90_tau150,MOHP,90.0,81.31857316460712,8.68142683539289,8.743870096513945,0.09941964099790823,758.0,8.68142659658397
2,A_ramp90_tau150,WOHP,90.0,79.86796680578048,10.132033194219508,10.204874559732545,0.11602313319858126,784.0,10.132032955410585
2,A_ramp90_tau300,EOHP,90.0,84.8371306099962,5.162869390003784,5.385930974153055,0.24886847163261905,1338.0,5.162773047609354
2,A_ramp90_tau300,MOHP,90.0,81.30052320375785,8.699476796242134,8.960123171253684,0.31131805727858364,1371.0,8.699380453847706
2,A_ramp90_tau300,WOHP,90.0,79.8467449428697,10.153255057130298,10.429334879038038,0.3353952579202115,1388.0,10.153158714735872
2,A_ramp90_tau600,EOHP,90.0,84.72240347348249,5.2775965265175016,8.760186871940988,3.6182785890997735,1874.0,5.275661437796931
2,A_ramp90_tau600,MOHP,90.0,81.1507149676004,8.849285032399601,12.24733356984008,3.587947080532757,1895.0,8.84734994367903
2,A_ramp90_tau600,WOHP,90.0,79.67356921679941,10.326430783200605,13.707875109782336,3.6015766275425563,1912.0,10.324495694480035
2,B_cyc90,EOHP,90.0,56.074719029409565,33.925280970590435,61.78326606948413,55.72869582373339,,2.91673050500254
2,B_cyc90,MOHP,90.0,54.08371384191338,35.91628615808661,62.02870001174341,52.23352520152304,,4.907735692498716
2,B_cyc90,WOHP,90.0,53.263715237106446,36.736284762893554,62.054107099538676,50.642936172274226,,5.727734297305654
2,C_slug90,EOHP,90.0,85.0484329666081,4.951567033391895,5.385930974153055,3.591902070989221,,5.189335857616824
2,C_slug90,MOHP,90.0,81.49123681276927,8.50876318723072,8.960123171253684,2.900839734822455,,8.746532011455649
2,C_slug90,WOHP,90.0,80.0295013132218,9.970498686778203,10.429334879038038,2.5366604092220086,,10.20826751100313
3,A_ramp60_tau150,EOHP,60.0,56.82703135909863,3.1729686409013764,3.1987872507888895,0.04651409822208308,621.0,3.1729685044391363
3,A_ramp60_tau150,MOHP,60.0,55.04538814337225,4.954611856627753,4.99477239670999,0.07242944029480469,671.0,4.954611720165513
3,A_ramp60_tau150,WOHP,60.0,54.010559897261366,5.989440102738637,6.045939925437224,0.10200308635846511,655.0,5.989439966276397
3,A_ramp60_tau300,EOHP,60.0,56.82188795271,3.1781120472899973,3.311580838868373,0.1579385716468238,1162.0,3.1780569944931814
3,A_ramp60_tau300,MOHP,60.0,55.037148038397135,4.96285196160287,5.116975097567803,0.192524839813494,1196.0,4.9627969088060535
3,A_ramp60_tau300,WOHP,60.0,54.001529620267796,5.998470379732204,6.161349698047509,0.21392528464384952,1188.0,5.998415326935389
3,A_ramp60_tau600,EOHP,60.0,56.76217513213649,3.237824867863512,5.216419412832003,2.06000691031425,1840.0,3.2367191028803277
3,A_ramp60_tau600,MOHP,60.0,54.94589125382203,5.054108746177962,7.024012116482403,2.0952979040641893,1863.0,5.053002981194777
3,A_ramp60_tau600,WOHP,60.0,53.92259368107278,6.077406318927226,7.978793047562611,2.0243049872417913,1853.0,6.076300553944041
3,B_cyc60,EOHP,60.0,42.08977931277713,17.91022068722287,33.443690111938025,31.064944811631026,,1.9054413548517624
3,B_cyc60,MOHP,60.0,41.019698297846254,18.980301702153753,33.554345750152876,29.139645474341773,,2.975522369782643
3,B_cyc60,WOHP,60.0,40.406869186195436,19.593130813804567,33.848185666681495,28.495761484916734,,3.588351481433456
3,C_slug60,EOHP,60.0,57.033231964988076,2.9728547129995673,3.311580838868373,3.639952709277452,,3.20459583034335
3,C_slug60,MOHP,60.0,55.23349433853086,4.766505661469136,5.116975097567803,2.548411367461078,,5.004333456800565
3,C_slug60,WOHP,60.0,54.18788395525235,5.812116044747646,6.161349698047509,2.78897134711346,,6.049943840079076
3,A_ramp75_tau150,EOHP,75.0,70.67315131086634,4.326848689133661,4.357067233494703,0.05438730120683033,671.0,4.326848501498081
3,A_ramp75_tau150,MOHP,75.0,68.24382261953697,6.75617738046303,6.803080260210265,0.08451932420352648,722.0,6.75617719282745
3,A_ramp75_tau150,WOHP,75.0,66.83250933820129,8.167490661798706,8.23504499183042,0.1219094296297385,710.0,8.167490474163124
3,A_ramp75_tau300,EOHP,75.0,70.66607915336382,4.333920846636177,4.512158741126598,0.20759620641682375,1260.0,4.333845149040554
3,A_ramp75_tau300,MOHP,75.0,68.23249236766539,6.767507632334603,6.971109175394872,0.24965047712132105,1296.0,6.767431934738979
3,A_ramp75_tau300,WOHP,75.0,66.82009264242771,8.179907357572286,8.393733548660094,0.2758024856449026,1290.0,8.179831659976664
3,A_ramp75_tau600,EOHP,75.0,70.58397405066555,4.4160259493344665,7.131311615385769,2.822939934830046,1857.0,4.414505522482588
3,A_ramp75_tau600,MOHP,75.0,68.10701440389997,6.892985596100035,9.593285009808127,2.8659634403881427,1890.0,6.891465169248157
3,A_ramp75_tau600,WOHP,75.0,66.71155573027414,8.288444269725858,10.892717811589321,2.7650743412476544,1876.0,8.28692384287398
3,B_cyc75,EOHP,75.0,49.01505165804664,25.984948341953363,47.64455604669654,43.319629565580094,,2.4782834429738565
3,B_cyc75,MOHP,75.0,47.62334739791654,27.376652602083457,47.6949897817103,40.629897874003895,,3.8699877031039542
3,B_cyc75,WOHP,75.0,46.82623493078514,28.17376506921487,48.04502574086641,39.72878080497817,,4.667100170235367
3,C_slug75,EOHP,75.0,70.87573218197655,4.124267818023458,4.512158741126598,3.6647765884796826,,4.362066127801637
3,C_slug75,MOHP,75.0,68.42618319966707,6.573816800332939,6.971109175394872,2.5691835309068694,,6.811615110111116
3,C_slug75,WOHP,75.0,67.00279128407679,7.9972087159232235,8.393733548660094,2.810650980720922,,8.235007025701403
3,A_ramp90_tau150,EOHP,90.0,84.5192712745681,5.480728725431914,5.515347250931498,0.0622602415581639,709.0,5.480728486622993
3,A_ramp90_tau150,MOHP,90.0,81.44225707784275,8.557742922157237,8.611388245131877,0.09660939127213908,762.0,8.557742683348318
3,A_ramp90_tau150,WOHP,90.0,79.65445882685435,10.34554117314565,10.424149791089164,0.14181562264762704,752.0,10.345540934336729
3,A_ramp90_tau300,EOHP,90.0,84.51027031227706,5.4897296877229556,5.71273633519489,0.2572533736628202,1335.0,5.489633345328526
3,A_ramp90_tau300,MOHP,90.0,81.4278367741705,8.572163225829513,8.82524293529194,0.30677577480634,1372.0,8.572066883435086
3,A_ramp90_tau300,WOHP,90.0,79.63865576255121,10.361344237448781,10.626116775092896,0.3376793265343423,1370.0,10.361247895054353
3,A_ramp90_tau600,EOHP,90.0,84.4057728652556,5.594227134744404,9.046203903543159,3.5858729692798192,1870.0,5.5922920460238315
3,A_ramp90_tau600,MOHP,90.0,81.2681375760788,8.731862423921196,12.162557763610295,3.63662901148183,1910.0,8.729927335200625
3,A_ramp90_tau600,WOHP,90.0,79.50051781949001,10.499482180509993,13.806642772396941,3.5058439423639953,1894.0,10.49754709178942
3,B_cyc90,EOHP,90.0,55.94032402119066,34.05967597880934,61.84542188432547,55.57431433660306,,3.051125513221438
3,B_cyc90,MOHP,90.0,54.226996516646224,35.77300348335378,61.835633728730905,52.12014987715505,,4.764453017765887
3,B_cyc90,WOHP,90.0,53.24560062030292,36.75439937969708,62.24186575990968,50.961799737997474,,5.745848914109179
3,C_slug90,EOHP,90.0,84.71823214932908,5.281767850670909,5.71273633519489,3.689600141098083,,5.519536674895837
3,C_slug90,MOHP,90.0,81.6188721168855,8.381127883114495,8.82524293529194,2.590234143038586,,8.618896707339422
3,C_slug90,WOHP,90.0,79.81769860208108,10.18230139791893,10.626116775092896,2.8323303560416377,,10.420070222143856
None,A_ramp60_tau150,EOHP,60.0,57.038458415634146,2.961541584365851,2.981203838561953,0.03209752092762841,623.0,2.9615414479036115
None,A_ramp60_tau150,MOHP,60.0,55.03653861516604,4.963461384833957,5.002662746895531,0.06409637940414825,659.0,4.9634612483717175
None,A_ramp60_tau150,WOHP,60.0,54.068554067439976,5.931445932560021,5.980809336023697,0.08072871466468001,678.0,5.9314457960977816
None,A_ramp60_tau300,EOHP,60.0,57.03226874180821,2.967731258191784,3.0977407949588596,0.14729048746327322,1163.0,2.9676762053949672
None,A_ramp60_tau300,MOHP,60.0,55.026190209066606,4.973809790933395,5.126654930917084,0.18534325932477458,1189.0,4.973754738136579
None,A_ramp60_tau300,WOHP,60.0,54.0561311926983,5.943868807301701,6.108284227976839,0.20472683260841507,1202.0,5.943813754504884
None,A_ramp60_tau600,EOHP,60.0,56.9679724712046,3.0320275287953993,5.0232321250175005,2.0696638133378684,1841.0,3.0309217638122155
None,A_ramp60_tau600,MOHP,60.0,54.93812753968872,5.061872460311277,7.016004024733178,2.0683105060209215,1856.0,5.060766695328094
None,A_ramp60_tau600,WOHP,60.0,53.95769774979625,6.0423022502037425,7.976429468253514,2.0647852625696927,1862.0,6.041196485220559
None,B_cyc60,EOHP,60.0,42.18184735142101,17.81815264857898,33.41062879019102,31.190693641314333,,1.8133733162078756
None,B_cyc60,MOHP,60.0,40.96003688018538,19.039963119814615,33.65147196990442,29.22548310241367,,3.0351837874435086
None,B_cyc60,WOHP,60.0,40.369693312733865,19.63030668726614,33.77232740214109,28.28483281245778,,3.625527354895027
None,C_slug60,EOHP,60.0,57.246976311327956,2.764718734410275,3.0977407949588596,3.5941318913052456,,2.9908514840034752
None,C_slug60,MOHP,60.0,55.224041543589664,4.775958456410333,5.126654930917084,2.7783889435231472,,5.013786251741763
None,C_slug60,WOHP,60.0,54.245674047614685,5.754325952385321,6.108284227976839,2.5030182475844853,,5.992153747716751
None,A_ramp75_tau150,EOHP,75.0,70.97500927447744,4.0249907255225486,4.050905546910755,0.04229209075357687,675.0,4.024990537886969
None,A_ramp75_tau150,MOHP,75.0,68.25421106294642,6.745788937053574,6.797712854652858,0.08488682657477398,716.0,6.745788749417994
None,A_ramp75_tau150,WOHP,75.0,66.93862766226101,8.061372337738982,8.126844045744846,0.10706022257612346,738.0,8.061372150103402
None,A_ramp75_tau300,EOHP,75.0,70.96649847712715,4.033501522872848,4.211143895634606,0.20068249727277987,1263.0,4.0334258252772255
None,A_ramp75_tau300,MOHP,75.0,68.23998198395225,6.760018016047744,6.968202243015867,0.25160113225369685,1294.0,6.759942318452121
None,A_ramp75_tau300,WOHP,75.0,66.92154608761452,8.078453912385486,8.302122221755155,0.27755742023400387,1309.0,8.078378214789863
None,A_ramp75_tau600,EOHP,75.0,70.87809105083723,4.12190894916277,6.858693788662393,2.843944965551387,1859.0,4.120388522310892
None,A_ramp75_tau600,MOHP,75.0,68.11889583191827,6.881104168081731,9.566057125494439,2.8406809680164997,1880.0,6.879583741229853
None,A_ramp75_tau600,WOHP,75.0,66.78620024061327,8.213799759386733,10.870821454795106,2.835137479007244,1890.0,8.212279332534855
None,B_cyc75,EOHP,75.0,49.15168596809202,25.848314031907993,47.594907980334455,43.5017403588473,,2.3416491329284908
None,B_cyc75,MOHP,75.0,47.57394664982464,27.426053350175366,47.803768127108754,40.759874841275774,,3.919388451195861
None,B_cyc75,WOHP,75.0,46.81163022000598,28.18836977999402,47.910921474724844,39.44744988375672,,4.681704881014515
None,C_slug75,EOHP,75.0,71.1791413603279,3.8208586396720983,4.211143895634606,3.619066838175044,,4.0586569494502776
None,C_slug75,MOHP,75.0,68.43397798663227,6.566022013367723,6.968202243015867,2.8006848817069994,,6.803820323145901
None,C_slug75,WOHP,75.0,67.10631374854144,7.89368625145855,8.302122221755155,2.524251685788201,,8.131484561236729
None,A_ramp90_tau150,EOHP,90.0,84.91156010710726,5.088439892892744,5.120606209189901,0.05248565102611735,715.0,5.088439654083825
None,A_ramp90_tau150,MOHP,90.0,81.47188344094467,8.52811655905533,8.592762916115973,0.10567677517731511,762.0,8.528116320246411
None,A_ramp90_tau150,WOHP,90.0,79.80870124947435,10.191298750525643,10.2728783231384,0.1333906278016741,786.0,10.191298511716724
None,A_ramp90_tau300,EOHP,90.0,84.90072817539914,5.0992718246008595,5.32454599700084,0.25407305856538187,1339.0,5.09917548220643
None,A_ramp90_tau300,MOHP,90.0,81.4537736995775,8.546226300422502,8.809749353677091,0.3178585370384752,1375.0,8.546129958028073
None,A_ramp90_tau300,WOHP,90.0,79.78696118060168,10.21303881939833,10.495959292359956,0.3503871572514754,1393.0,10.212942477003901
None,A_ramp90_tau600,EOHP,90.0,84.78820958729186,5.211790412708128,8.694155532245901,3.6182264474532815,1872.0,5.209855323987556
None,A_ramp90_tau600,MOHP,90.0,81.29966402419623,8.70033597580377,12.116110176352606,3.6130514194568093,1900.0,8.698400887083197
None,A_ramp90_tau600,WOHP,90.0,79.61470263762631,10.38529736237368,13.765213511302335,3.6054896997908656,1912.0,10.38336227365311
None,B_cyc90,EOHP,90.0,56.12152454259816,33.87847545740184,61.7791872467691,55.812786832529724,,2.8699249918139462
None,B_cyc90,MOHP,90.0,54.18785637876701,35.812143621232984,61.95606424469335,52.29426616205224,,4.803593155645089
None,B_cyc90,WOHP,90.0,53.253567109805005,36.746432890194995,62.04951553605508,50.6100667031327,,5.737882424607098
None,C_slug90,EOHP,90.0,85.11130638476791,4.888693615232096,5.32454599700084,3.6440012579163152,,5.126462439457023
None,C_slug90,MOHP,90.0,81.6439144635288,8.356085536471186,8.809749353677091,2.822980479647697,,8.593854360696112
None,C_slug90,WOHP,90.0,79.96695356749156,10.03304643250844,10.495959292359956,2.5455190303424615,,10.270815256733368
